STATEFIPS,STATE,ZIPCODE,AGI_STUB,No_of_Returns,AGI,Returns__Tot_Income,Tot_Income,Returns_Sal_Wages,Sal_Wages_Amt
6,CA,90001,3,23030.0,746113.0,23020.0,751615.0001,19850.0,670115.0
6,CA,90002,3,21420.0,688469.0,21420.0,694056.0,18610.0,621179.0
6,CA,90003,4,29480.0,890398.0,29480.0,898190.0001,25130.0,797011.0
6,CA,90004,6,28160.0,2254004.0,28160.0,2290432.0,22970.0,1486573.0
6,CA,90005,4,16870.0,984929.0,16870.0,998687.0,14090.0,711721.0
6,CA,90006,4,23830.0,818787.0,23830.0,829473.0,19600.0,705713.0
6,CA,90007,2,12760.0,433895.0,12760.0,438507.0,10970.0,380361.0
6,CA,90008,4,15560.0,917461.0,15560.0,925927.0,12550.0,691851.0
6,CA,90010,2,2810.0,410471.0,2810.0,417995.0,2070.0,189813.0
6,CA,90011,5,40480.0,1243743.0,40480.0,1254034.0001,35050.0,1117089.0
6,CA,90012,4,12370.0,768440.0,12370.0,779485.0,10430.0,633103.0
6,CA,90013,2,4840.0,422107.0,4830.0,428397.0,4120.0,301057.0
6,CA,90014,2,3990.0,348234.0,3990.0,354362.0,3350.0,262162.0
6,CA,90015,4,11200.0,897073.0,11200.0,908272.0,9730.0,688355.0
6,CA,90016,5,23160.0,1178711.0,23160.0,1191401.0,19260.0,974630.0
6,CA,90017,3,10730.0,741216.0,10730.0,756987.0,9200.0,516042.0
6,CA,90018,5,22770.0,1024877.0,22770.0,1035406.0,19020.0,841726.0
6,CA,90019,5,29950.0,1892243.0,29950.0,1920972.0,24500.0,1441762.0
6,CA,90020,5,18710.0,1302271.0,18710.0,1321700.0,15510.0,859990.0
6,CA,90021,1,1450.0,178025.0,1450.0,182250.0,1140.0,75088.0
6,CA,90022,5,28710.0,1072345.0,28710.0,1080389.0001,25220.0,943060.0
6,CA,90023,3,18700.0,653583.0,18700.0,658511.0001,16490.0,587955.0
6,CA,90024,6,15140.0,5451499.0,15140.0,5518731.0,11290.0,2243431.0
6,CA,90025,6,25830.0,5028912.0,25830.0,5100223.0,21340.0,3000279.0
6,CA,90026,6,31820.0,2077807.0,31820.0,2107905.0,26750.0,1571782.0
6,CA,90027,6,24290.0,2421459.0,24290.0,2466169.0,20000.0,1528724.0
6,CA,90028,4,16330.0,931834.0,16330.0,946160.0,13970.0,743544.0
6,CA,90029,4,16990.0,760143.0,16990.0,770214.0,14180.0,626585.0
6,CA,90031,4,16940.0,751000.0,16940.0,759289.0,14650.0,628449.0
6,CA,90032,4,20220.0,991755.0,20220.0,1000929.0,17530.0,843376.0
6,CA,90033,3,18370.0,657296.0,18370.0,662409.0,16030.0,570037.0
6,CA,90034,6,30500.0,2628949.0,30500.0,2668985.0,26130.0,2008861.0
6,CA,90035,5,13980.0,1747244.0,13980.0,1784246.0,10870.0,1028577.0
6,CA,90036,6,20280.0,2430017.0,20280.0,2469849.0,16490.0,1497360.0
6,CA,90037,4,25640.0,803711.0,25640.0,811047.0001,21780.0,720623.0
6,CA,90038,4,13790.0,750930.0,13790.0,760920.0,11810.0,587110.0
6,CA,90039,5,15100.0,1410119.0,15100.0,1432703.0,12160.0,985331.0
6,CA,90040,2,5970.0,293436.0,5970.0,295766.0,5210.0,223097.0
6,CA,90041,5,13290.0,1095678.0,13290.0,1110468.0,10810.0,805601.0
6,CA,90042,5,27940.0,1703952.0,27940.0,1726172.0,23660.0,1367591.0
6,CA,90043,5,22410.0,1268107.0,22410.0,1279763.0,18310.0,976433.0
6,CA,90044,5,39240.0,1301540.0,39240.0,1312805.0001,33340.0,1143606.0
6,CA,90045,6,19030.0,2523741.0,19030.0,2560373.0,15370.0,1656856.0
6,CA,90046,6,27310.0,3166059.0,27310.0,3223546.0,22220.0,2105047.0
6,CA,90047,5,25100.0,1112596.0,25100.0,1120717.0,20820.0,912644.0
6,CA,90048,5,12280.0,1828344.0,12280.0,1863470.0,9520.0,1066613.0
6,CA,90049,6,18090.0,7398617.0,18090.0,7503058.0,12990.0,2835786.0
6,CA,90056,3,4780.0,537935.0,4780.0,545919.0,3580.0,320583.0
6,CA,90057,3,16220.0,541135.0,16220.0,547098.0,13500.0,475520.0
6,CA,90058,1,1500.0,169521.0,1500.0,171461.0002,1240.0,61396.0
6,CA,90059,3,18050.0,610133.0,18050.0,615456.0001,15640.0,544570.0
6,CA,90061,2,12340.0,426831.0,12340.0,430325.0,10650.0,373400.0
6,CA,90062,3,15170.0,582291.0,15170.0,587918.0,12820.0,505592.0
6,CA,90063,4,22050.0,845150.0,22040.0,851631.0001,19350.0,746292.0
6,CA,90064,6,15070.0,3940721.0,15070.0,4004221.0,11500.0,1897741.0
6,CA,90065,5,21980.0,1542476.0,21980.0,1566016.0,18350.0,1175547.0
6,CA,90066,6,28560.0,3302857.0,28560.0,3359986.0,22840.0,2268256.0
6,CA,90067,6,3550.0,3308396.0,3550.0,3348461.0,2240.0,1250333.0
6,CA,90068,5,12150.0,1636882.0,12150.0,1671226.0,9520.0,1019870.0
6,CA,90069,6,13140.0,2938340.0,13140.0,2975467.0,10070.0,1462940.0
6,CA,90077,6,3980.0,2122926.0,3980.0,2150951.0,2640.0,631415.0
6,CA,90094,4,5020.0,939373.0,5020.0,954412.0,4130.0,688226.0
6,CA,90201,5,41240.0,1446757.0,41240.0,1457359.0,36170.0,1300544.0
6,CA,90210,6,9320.0,6042485.0,9320.0,6112284.0,6050.0,1501032.0
6,CA,90211,5,5580.0,1794660.0,5580.0,1819015.0,3970.0,869722.0
6,CA,90212,6,7350.0,2883743.0,7350.0,2924358.0,5100.0,1151438.0
6,CA,90220,4,23250.0,928296.0,23250.0,935095.0001,20280.0,810683.0
6,CA,90221,4,23350.0,850251.0,23350.0,856457.0001,20570.0,762905.0
6,CA,90222,3,13950.0,509568.0,13950.0,513239.0,12350.0,458491.0
6,CA,90230,5,15950.0,1724347.0,15950.0,1748581.0,12580.0,1225095.0
6,CA,90232,5,8880.0,1005330.0,8880.0,1020622.0,7200.0,729496.0
6,CA,90240,4,12740.0,898651.0,12740.0,908013.0,10440.0,641783.0
6,CA,90241,5,21630.0,1267460.0,21630.0,1279933.0,18240.0,993199.0
6,CA,90242,5,20570.0,1062437.0,20570.0,1071507.0,17690.0,892633.0
6,CA,90245,5,9690.0,1358606.0,9690.0,1377420.0,7960.0,912914.0
6,CA,90247,5,23740.0,1160770.0,23740.0,1171379.0,20020.0,956652.0
6,CA,90248,2,5790.0,377798.0,5790.0,381089.0,4620.0,268052.0
6,CA,90249,3,14010.0,749378.0,14010.0,756222.0,11510.0,590921.0
6,CA,90250,6,45810.0,2396980.0,45810.0,2418184.0,39730.0,2044303.0
6,CA,90254,6,10700.0,2277874.0,10700.0,2315790.0,8410.0,1378105.0
6,CA,90255,5,31610.0,1132383.0,31610.0,1140930.0,27600.0,1012925.0
6,CA,90260,4,16330.0,798533.0,16330.0,806494.0,13750.0,672568.0
6,CA,90262,5,29350.0,1117635.0,29350.0,1125673.0001,25930.0,1009634.0
6,CA,90265,5,6260.0,1695670.0,6260.0,1730820.0,3900.0,620677.0
6,CA,90266,6,17030.0,6367899.0,17030.0,6471543.0,12350.0,3119395.0
6,CA,90270,2,10940.0,392374.0,10940.0,395286.0,9700.0,355865.0
6,CA,90272,6,10550.0,5685105.0,10550.0,5778017.0,6780.0,1954463.0
6,CA,90274,6,12920.0,4406127.0,12920.0,4480208.0,8560.0,1770610.0
6,CA,90275,6,19900.0,3569829.0,19900.0,3632541.0,14010.0,1885669.0
6,CA,90277,6,19200.0,2854126.0,19200.0,2899948.0,14710.0,1827002.0
6,CA,90278,6,20350.0,2519326.0,20350.0,2556157.0,16650.0,1959096.0
6,CA,90280,5,42560.0,1709974.0,42560.0,1723432.0,37100.0,1515864.0
6,CA,90290,3,3060.0,520823.0,3060.0,532325.0,2030.0,234802.0
6,CA,90291,6,14310.0,2125380.0,14310.0,2160277.0,11270.0,1323380.0
6,CA,90292,6,14560.0,2572299.0,14560.0,2614482.0,11310.0,1550421.0
6,CA,90293,4,7220.0,944577.0,7220.0,963048.0,5790.0,651332.0
6,CA,90301,3,17150.0,701392.0,17150.0,708765.0,14740.0,600644.0
6,CA,90302,3,14460.0,675312.0,14460.0,681845.0,12360.0,576560.0
6,CA,90303,2,11910.0,491410.0,11910.0,495389.0,10060.0,412584.0
6,CA,90304,2,11820.0,459506.0,11820.0,463383.0,10320.0,410207.0
6,CA,90305,3,8360.0,505079.0,8360.0,508607.0,6540.0,379415.0
6,CA,90401,4,4520.0,928209.0,4520.0,939680.0,3660.0,463690.0
6,CA,90402,6,5330.0,3069490.0,5330.0,3113624.0,3320.0,1117937.0
6,CA,90403,6,13630.0,2195777.0,13630.0,2237044.0,10310.0,1346624.0
6,CA,90404,5,11000.0,1118367.0,11000.0,1133978.0,9120.0,793016.0
6,CA,90405,6,15130.0,2714078.0,15130.0,2757022.0,11650.0,1785402.0
6,CA,90501,5,21150.0,1455336.0,21150.0,1470594.0,17750.0,1092389.0
6,CA,90502,3,9120.0,590590.0,9120.0,596050.0,7630.0,470820.0
6,CA,90503,6,21980.0,2215332.0,21980.0,2241641.0,17600.0,1580605.0
6,CA,90504,5,16870.0,1309075.0,16870.0,1322600.0,13600.0,976436.0
6,CA,90505,5,17990.0,1987046.0,17990.0,2016064.0,13550.0,1288939.0
6,CA,90601,5,16040.0,1099482.0,16040.0,1109864.0,13440.0,823563.0
6,CA,90602,3,11520.0,666543.0,11520.0,672098.0,10180.0,533693.0
6,CA,90603,4,10090.0,873183.0,10090.0,881703.0,8410.0,659360.0
6,CA,90604,5,19130.0,1147549.0,19130.0,1156050.0,16630.0,964233.0
6,CA,90605,5,19480.0,1189095.0,19480.0,1199564.0,17010.0,929091.0
6,CA,90606,4,15570.0,780472.0,15570.0,785366.0,13620.0,673755.0
6,CA,90620,5,22970.0,1467005.0,22970.0,1480729.0,19520.0,1196696.0
6,CA,90621,4,17210.0,933900.0,17210.0,944195.0,14930.0,741899.0
6,CA,90623,3,7860.0,647008.0,7860.0,653834.0,6200.0,462746.0
6,CA,90630,6,24620.0,2053563.0,24620.0,2075495.0,20110.0,1517649.0
6,CA,90631,6,33150.0,2392698.0,33150.0,2418083.0,28040.0,1718265.0
6,CA,90638,5,22720.0,1658485.0,22720.0,1675004.0,18630.0,1275197.0
6,CA,90640,5,30110.0,1534905.0,30110.0,1548510.0,25330.0,1211733.0
6,CA,90650,6,49180.0,2413001.0,49180.0,2431043.0,43360.0,2110393.0
6,CA,90660,5,30610.0,1458979.0,30610.0,1469704.0,26650.0,1254545.0
6,CA,90670,3,8630.0,551735.0,8620.0,556296.0,7530.0,426967.0
6,CA,90680,3,14290.0,656231.0,14290.0,661703.0,12380.0,558697.0
6,CA,90701,2,7770.0,425530.0,7770.0,429440.0,6530.0,329343.0
6,CA,90703,6,25300.0,2326347.0,25300.0,2355297.0,19340.0,1545290.0
6,CA,90706,5,36480.0,1806519.0,36480.0,1821254.0,31970.0,1560212.0
6,CA,90710,3,12360.0,727359.0,12360.0,734199.0,10120.0,563366.0
6,CA,90712,5,16370.0,1254322.0,16370.0,1263986.0,13860.0,1005230.0
6,CA,90713,5,14420.0,1174522.0,14420.0,1183909.0,11980.0,933514.0
6,CA,90715,3,10350.0,562995.0,10350.0,567783.0,8980.0,479423.0
6,CA,90716,1,6300.0,234501.0,6300.0,236125.0,5590.0,211673.0
6,CA,90717,3,10900.0,717577.0,10900.0,725776.0,8850.0,542222.0
6,CA,90720,5,11200.0,1439094.0,11200.0,1459757.0,8730.0,881495.0
6,CA,90723,5,24960.0,1012750.0,24960.0,1020200.0,22080.0,902468.0
6,CA,90731,5,27230.0,1655566.0,27230.0,1671780.0,22820.0,1312758.0
6,CA,90732,5,10550.0,1053102.0,10550.0,1065716.0,7980.0,692895.0
6,CA,90740,5,13690.0,1484644.0,13690.0,1506845.0,7840.0,748822.0
6,CA,90744,4,23240.0,986490.0,23240.0,992724.0,20450.0,871997.0
6,CA,90745,5,29360.0,1620468.0,29360.0,1632165.0,25190.0,1347848.0
6,CA,90746,4,14460.0,906020.0,14460.0,912247.0,11520.0,672351.0
6,CA,90755,3,6080.0,500266.0,6080.0,505906.0,5160.0,363765.0
6,CA,90802,5,20900.0,1465774.0,20900.0,1483636.0,18420.0,1112797.0
6,CA,90803,6,17900.0,2379830.0,17900.0,2419782.0,13590.0,1334229.0
6,CA,90804,4,18760.0,908015.0,18760.0,917591.0,16770.0,794300.0
6,CA,90805,5,42610.0,1801499.0,42610.0,1814662.0,37790.0,1600338.0
6,CA,90806,4,18920.0,858486.0,18920.0,865712.0,16580.0,739857.0
6,CA,90807,5,16760.0,1460703.0,16760.0,1478044.0,13820.0,1052479.0
6,CA,90808,5,19980.0,1957084.0,19980.0,1977952.0,15910.0,1435799.0
6,CA,90810,4,17630.0,812223.0,17630.0,817376.0,15430.0,702047.0
6,CA,90813,4,21970.0,768601.0,21970.0,774535.0,19870.0,693949.0
6,CA,90814,4,10420.0,937576.0,10420.0,950338.0,8720.0,648499.0
6,CA,90815,5,19820.0,1940968.0,19820.0,1964650.0,15890.0,1340024.0
6,CA,91001,5,17910.0,1949594.0,17910.0,1982657.0,13820.0,1265908.0
6,CA,91006,5,15440.0,1814312.0,15440.0,1842419.0,11770.0,1035688.0
6,CA,91007,5,15010.0,1509431.0,15010.0,1535724.0,11400.0,930355.0
6,CA,91008,1,530.0,141368.0,530.0,143523.0001,390.0,47749.0
6,CA,91010,4,12480.0,752032.0,12480.0,759058.0,10360.0,583263.0
6,CA,91011,6,9480.0,3161840.0,9480.0,3217830.0,7030.0,1568159.0
6,CA,91016,5,19870.0,1543698.0,19870.0,1564150.0,16440.0,1157059.0
6,CA,91020,2,3820.0,298407.0,3820.0,302313.0,3180.0,230154.0
6,CA,91024,4,5570.0,805543.0,5570.0,817587.0,4170.0,486332.0
6,CA,91030,5,12770.0,1900201.0,12770.0,1932573.0,10080.0,1124058.0
6,CA,91040,3,9930.0,746242.0,9930.0,756023.0,8010.0,541848.0
6,CA,91042,4,12430.0,828435.0,12430.0,838313.0,10130.0,607905.0
6,CA,91101,5,10230.0,1004551.0,10230.0,1018302.0,8600.0,714907.0
6,CA,91103,5,12350.0,1187332.0,12350.0,1206136.0,10260.0,740293.0
6,CA,91104,5,16740.0,1444711.0,16740.0,1466541.0,13790.0,1078588.0
6,CA,91105,5,6720.0,1726843.0,6720.0,1758684.0,4750.0,805511.0
6,CA,91106,5,12120.0,1706253.0,12120.0,1732105.0,10020.0,1025568.0
6,CA,91107,6,16750.0,2008956.0,16750.0,2042893.0,13010.0,1278043.0
6,CA,91108,6,6290.0,2014072.0,6290.0,2049994.0,4300.0,803465.0
6,CA,91201,3,10220.0,692102.0,10220.0,701945.0,8240.0,503402.0
6,CA,91202,5,10810.0,1000552.0,10810.0,1016215.0,8520.0,653124.0
6,CA,91203,3,7840.0,513370.0,7840.0,519939.0,6460.0,398154.0
6,CA,91204,2,7640.0,386575.0,7640.0,391662.0,6470.0,325728.0
6,CA,91205,4,16170.0,805334.0,16170.0,816764.0,13180.0,651457.0
6,CA,91206,5,15370.0,1265846.0,15370.0,1285057.0,12260.0,864785.0
6,CA,91207,3,4860.0,734977.0,4860.0,746227.0,3680.0,379967.0
6,CA,91208,5,7930.0,1069365.0,7930.0,1089566.0,6070.0,632021.0
6,CA,91210,1,170.0,27552.0,170.0,27939.0002,120.0,14769.0
6,CA,91214,5,14560.0,1583299.0,14560.0,1608417.0,11630.0,1115425.0
6,CA,91301,5,12360.0,1902435.0,12360.0,1944613.0,9440.0,1114391.0
6,CA,91302,6,12190.0,3686131.0,12190.0,3748467.0,8820.0,1419188.0
6,CA,91303,3,12920.0,616726.0,12920.0,623565.0,10870.0,515367.0
6,CA,91304,5,24110.0,1602816.0,24110.0,1625393.0,19840.0,1188918.0
6,CA,91306,5,22490.0,1196656.0,22490.0,1210650.0,18540.0,967724.0
6,CA,91307,5,12240.0,1325283.0,12240.0,1349018.0,9540.0,874465.0
6,CA,91311,5,19380.0,1833236.0,19380.0,1858709.0,15450.0,1189517.0
6,CA,91316,6,14290.0,2162944.0,14290.0,2200363.0,10790.0,1208161.0
6,CA,91320,6,21580.0,2583769.0,21580.0,2620973.0,17210.0,1824002.0
6,CA,91321,5,15600.0,1100923.0,15600.0,1113716.0,12760.0,789889.0
6,CA,91324,5,14340.0,1018651.0,14340.0,1034194.0,11600.0,709888.0
6,CA,91325,5,16540.0,1239027.0,16540.0,1256595.0,13490.0,842415.0
6,CA,91326,6,17750.0,2144738.0,17750.0,2181800.0,13800.0,1363870.0
6,CA,91331,5,45020.0,1796883.0,45020.0,1811224.0,38770.0,1576310.0
6,CA,91335,5,35610.0,1773171.0,35610.0,1795210.0,29270.0,1429637.0
6,CA,91340,3,15810.0,681026.0,15810.0,686290.0,13750.0,589849.0
6,CA,91342,6,44340.0,2296569.0,44340.0,2316675.0,37950.0,1929834.0
6,CA,91343,5,27260.0,1469681.0,27260.0,1486007.0,22450.0,1167002.0
6,CA,91344,6,25730.0,2147834.0,25730.0,2175954.0,20690.0,1535102.0
6,CA,91345,2,9370.0,499676.0,9370.0,503970.0,7840.0,409240.0
6,CA,91350,5,19580.0,1912274.0,19580.0,1932172.0,16830.0,1546197.0
6,CA,91351,5,16650.0,1019609.0,16650.0,1029128.0,14420.0,852542.0
6,CA,91352,5,21560.0,1070904.0,21560.0,1081030.0,17970.0,809605.0
6,CA,91354,5,15130.0,1677637.0,15130.0,1697899.0,13070.0,1338735.0
6,CA,91355,5,15810.0,1651981.0,15810.0,1677929.0,12870.0,1152955.0
6,CA,91356,5,14460.0,1931095.0,14460.0,1972247.0,10750.0,993483.0
6,CA,91360,6,20510.0,2030459.0,20510.0,2061591.0,15640.0,1316537.0
6,CA,91361,6,10320.0,2927192.0,10320.0,2968271.0,7350.0,1296624.0
6,CA,91362,6,18130.0,3137559.0,18130.0,3191184.0,13950.0,1736833.0
6,CA,91364,6,13930.0,2429990.0,13930.0,2472359.0,10250.0,1318086.0
6,CA,91367,6,21980.0,2637723.0,21980.0,2684382.0,16950.0,1581923.0
6,CA,91377,4,6780.0,990179.0,6780.0,1010154.0,5440.0,681715.0
6,CA,91381,5,9140.0,1497617.0,9140.0,1517222.0,7830.0,965380.0
6,CA,91384,4,11030.0,918939.0,11030.0,928020.0,9670.0,745240.0
6,CA,91387,5,20610.0,1725809.0,20610.0,1745117.0,18040.0,1327686.0
6,CA,91390,4,9050.0,945312.0,9050.0,957072.0,7470.0,696853.0
6,CA,91401,5,18590.0,1321068.0,18590.0,1342138.0,14930.0,897787.0
6,CA,91402,5,30010.0,1178482.0,30010.0,1189828.0,25290.0,1016954.0
6,CA,91403,6,13920.0,2537626.0,13920.0,2581399.0,10910.0,1489648.0
6,CA,91405,5,23720.0,1030041.0,23720.0,1042613.0,19470.0,846187.0
6,CA,91406,5,25050.0,1429180.0,25050.0,1446914.0,20590.0,1108627.0
6,CA,91411,3,10960.0,691291.0,10960.0,701724.0,9000.0,527688.0
6,CA,91423,6,17340.0,2455431.0,17340.0,2500378.0,13760.0,1545352.0
6,CA,91436,6,9250.0,5035898.0,9250.0,5102358.0,6560.0,2271754.0
6,CA,91501,4,9930.0,836014.0,9930.0,849769.0,8110.0,590179.0
6,CA,91502,2,5460.0,338532.0,5460.0,342673.0,4670.0,262266.0
6,CA,91504,5,12740.0,1207131.0,12740.0,1221627.0,10390.0,797502.0
6,CA,91505,5,17180.0,1776412.0,17180.0,1796409.0,14220.0,1269875.0
6,CA,91506,4,10360.0,925573.0,10360.0,938812.0,8500.0,693865.0
6,CA,91601,5,21040.0,1200149.0,21040.0,1217777.0,18120.0,985323.0
6,CA,91602,5,11280.0,1174922.0,11280.0,1194816.0,9450.0,814716.0
6,CA,91604,6,16120.0,2690728.0,16120.0,2738997.0,12660.0,1574771.0
6,CA,91605,5,25290.0,1074553.0,25290.0,1086259.0,20890.0,869536.0
6,CA,91606,4,20810.0,960841.0,20810.0,972669.0,17340.0,785458.0
6,CA,91607,5,15720.0,1355903.0,15720.0,1378768.0,12780.0,941412.0
6,CA,91701,5,19230.0,1518933.0,19230.0,1537213.0,15460.0,1096524.0
6,CA,91702,5,27990.0,1456464.0,27990.0,1469830.0,24520.0,1232593.0
6,CA,91706,5,35340.0,1471468.0,35340.0,1484973.0,30740.0,1259866.0
6,CA,91708,2,6200.0,450819.0,6190.0,455479.0,5430.0,392380.0
6,CA,91709,6,37290.0,3424700.0,37290.0,3470301.0,31200.0,2488582.0
6,CA,91710,6,37860.0,2364254.0,37860.0,2389227.0,32220.0,1841287.0
6,CA,91711,5,16250.0,1873806.0,16250.0,1906087.0,12450.0,1119971.0
6,CA,91722,4,18190.0,968473.0,18190.0,976032.0,15780.0,820692.0
6,CA,91723,3,9530.0,545457.0,9530.0,550389.0,8250.0,439330.0
6,CA,91724,4,13160.0,980074.0,13160.0,989966.0,10990.0,713340.0
6,CA,91730,5,32520.0,1932249.0,32520.0,1952513.0,28080.0,1584933.0
6,CA,91731,3,12360.0,515895.0,12360.0,520930.0,10710.0,416355.0
6,CA,91732,5,26670.0,1049875.0,26670.0,1061277.0,22970.0,899140.0
6,CA,91733,3,18780.0,712138.0,18780.0,719692.0,16300.0,611859.0
6,CA,91737,5,11540.0,1199623.0,11540.0,1218409.0,9330.0,767000.0
6,CA,91739,5,17500.0,1724464.0,17500.0,1752961.0,14860.0,1259988.0
6,CA,91740,4,13060.0,892425.0,13060.0,902105.0,10820.0,682409.0
6,CA,91741,5,12760.0,1427841.0,12760.0,1444827.0,10050.0,889350.0
6,CA,91744,5,39000.0,1629046.0,39000.0,1641737.0,34300.0,1438692.0
6,CA,91745,5,26900.0,1886882.0,26900.0,1911527.0,21200.0,1287737.0
6,CA,91746,3,14170.0,674833.0,14170.0,680114.0,12240.0,531265.0
6,CA,91748,5,22150.0,1334265.0,22150.0,1356056.0,17200.0,902597.0
6,CA,91750,5,16650.0,1740839.0,16650.0,1759970.0,12940.0,992081.0
6,CA,91752,5,17210.0,1007179.0,17210.0,1016904.0,14720.0,842523.0
6,CA,91754,5,18080.0,1139727.0,18080.0,1155252.0,13300.0,743050.0
6,CA,91755,3,15520.0,741780.0,15520.0,753976.0,10820.0,533768.0
6,CA,91761,5,29620.0,1622826.0,29620.0,1636764.0,26150.0,1357246.0
6,CA,91762,5,29360.0,1449119.0,29360.0,1461921.0,25770.0,1220940.0
6,CA,91763,4,17970.0,821476.0,17970.0,828651.0,15700.0,693671.0
6,CA,91764,5,25360.0,1110273.0,25360.0,1118778.0,22790.0,979460.0
6,CA,91765,6,22700.0,2165630.0,22700.0,2194896.0,17840.0,1346561.0
6,CA,91766,5,31480.0,1410402.0,31480.0,1423293.0,27700.0,1205805.0
6,CA,91767,5,22920.0,1074026.0,22920.0,1082880.0,20090.0,906017.0
6,CA,91768,3,14010.0,613806.0,14010.0,618735.0,12400.0,526353.0
6,CA,91770,5,29330.0,1304009.0,29330.0,1322143.0,23730.0,1031190.0
6,CA,91773,5,16850.0,1428698.0,16850.0,1445145.0,13520.0,976725.0
6,CA,91775,5,11470.0,1023419.0,11470.0,1040955.0,8950.0,714642.0
6,CA,91776,4,19570.0,914002.0,19570.0,929593.0,14820.0,691017.0
6,CA,91780,5,17480.0,1190079.0,17480.0,1209514.0,13730.0,858911.0
6,CA,91784,5,13490.0,1576430.0,13490.0,1598471.0,10170.0,944725.0
6,CA,91786,5,25750.0,1456196.0,25750.0,1471472.0,22010.0,1142401.0
6,CA,91789,6,21210.0,2236827.0,21210.0,2266535.0,16240.0,1252613.0
6,CA,91790,5,22200.0,1216613.0,22200.0,1228111.0,18920.0,998536.0
6,CA,91791,5,16570.0,1235498.0,16570.0,1251272.0,13550.0,850566.0
6,CA,91792,4,14610.0,797738.0,14610.0,805318.0,12410.0,652429.0
6,CA,91801,5,26620.0,1550595.0,26620.0,1572820.0,21510.0,1185241.0
6,CA,91803,4,15120.0,864872.0,15120.0,875415.0,12250.0,664214.0
6,CA,91901,4,7960.0,774544.0,7960.0,784515.0,6260.0,496423.0
6,CA,91902,4,8990.0,809569.0,8990.0,819896.0,6720.0,476753.0
6,CA,91905,1,700.0,34680.0,700.0,34897.0001,560.0,24140.0
6,CA,91906,1,1730.0,99013.0,1730.0,99943.0001,1350.0,69546.0
6,CA,91910,6,40470.0,2310095.0,40470.0,2330644.0,34170.0,1747818.0
6,CA,91911,6,44130.0,2056571.0,44130.0,2070482.0,38270.0,1708429.0
6,CA,91913,5,24910.0,1961190.0,24910.0,1977025.0,22130.0,1621313.0
6,CA,91914,4,7710.0,867007.0,7710.0,876749.0,6580.0,615352.0
6,CA,91915,5,14650.0,1182365.0,14650.0,1192805.0,13060.0,986534.0
6,CA,91916,1,920.0,82633.0,920.0,83412.0001,670.0,48103.0
6,CA,91917,1,580.0,23353.0,580.0,23496.0002,450.0,17849.0
6,CA,91932,3,12970.0,644557.0,12970.0,650253.0,11190.0,519959.0
6,CA,91934,1,270.0,11043.0,270.0,11084.0002,200.0,7267.0
6,CA,91935,2,4550.0,458707.0,4550.0,465604.0,3460.0,251292.0
6,CA,91941,5,16360.0,1538679.0,16360.0,1560952.0,12870.0,943849.0
6,CA,91942,5,20690.0,1359027.0,20690.0,1373705.0,16930.0,1017485.0
6,CA,91945,3,13540.0,683846.0,13540.0,688907.0,11610.0,555488.0
6,CA,91950,5,28600.0,1160840.0,28600.0,1167584.0,25350.0,986707.0
6,CA,91962,1,900.0,75644.0,900.0,76338.0001,680.0,47130.0
6,CA,91963,1,650.0,25378.0,650.0,25486.0002,570.0,21546.0
6,CA,91977,5,29220.0,1568903.0,29220.0,1581219.0,24960.0,1223759.0
6,CA,91978,2,4900.0,297371.0,4900.0,300288.0,4100.0,222488.0
6,CA,91980,1,1160.0,35077.0,1160.0,35329.0002,930.0,28972.0
6,CA,92003,2,2760.0,303319.0,2760.0,307500.0,2080.0,157859.0
6,CA,92004,1,1470.0,79921.0,1470.0,80932.0001,990.0,40005.0
6,CA,92007,4,5960.0,916740.0,5960.0,933567.0,4410.0,529751.0
6,CA,92008,5,14610.0,1635131.0,14610.0,1658959.0,11340.0,1002802.0
6,CA,92009,6,21160.0,3549017.0,21160.0,3603812.0,16230.0,2198590.0
6,CA,92010,4,8850.0,980559.0,8850.0,995463.0,7010.0,697128.0
6,CA,92011,5,11680.0,1706111.0,11680.0,1735891.0,8740.0,1077353.0
6,CA,92014,6,7470.0,2350813.0,7470.0,2392021.0,4990.0,979865.0
6,CA,92019,5,20500.0,1626793.0,20500.0,1646099.0,16530.0,1012675.0
6,CA,92020,5,26350.0,1631434.0,26350.0,1649189.0,22320.0,1146861.0
6,CA,92021,5,31710.0,1801519.0,31710.0,1818273.0,27080.0,1359196.0
6,CA,92024,6,25370.0,4337306.0,25370.0,4409187.0,18970.0,2423492.0
6,CA,92025,5,22420.0,1461844.0,22420.0,1480501.0,19070.0,1082278.0
6,CA,92026,5,25130.0,1769682.0,25130.0,1789169.0,20750.0,1291178.0
6,CA,92027,5,26280.0,1533930.0,26280.0,1549106.0,22800.0,1218429.0
6,CA,92028,5,23650.0,1867240.0,23650.0,1890637.0,18250.0,1152722.0
6,CA,92029,5,10140.0,1142320.0,10140.0,1157805.0,8050.0,734003.0
6,CA,92036,1,1710.0,116439.0,1710.0,117842.0001,1210.0,59649.0
6,CA,92037,6,19180.0,5251672.0,19180.0,5333534.0,13110.0,2231993.0
6,CA,92040,5,21060.0,1470126.0,21060.0,1481977.0,17350.0,1045065.0
6,CA,92054,5,19650.0,1255969.0,19650.0,1273506.0,16500.0,923381.0
6,CA,92056,5,27500.0,1961258.0,27500.0,1982228.0,21450.0,1352549.0
6,CA,92057,5,28300.0,1887182.0,28300.0,1905597.0,23480.0,1412182.0
6,CA,92058,4,16510.0,829303.0,16510.0,836770.0,14950.0,706880.0
6,CA,92059,1,960.0,72997.0,960.0,73436.0002,600.0,26773.0
6,CA,92061,1,1490.0,133759.0,1490.0,135154.0,1150.0,54661.0
6,CA,92064,6,22870.0,2941743.0,22870.0,2984034.0,18460.0,1881826.0
6,CA,92065,5,17600.0,1425651.0,17600.0,1441837.0,14400.0,1016588.0
6,CA,92066,1,130.0,8270.0,130.0,8270.0,80.0,5265.0
6,CA,92069,5,22480.0,1549719.0,22480.0,1564414.0,19350.0,1196874.0
6,CA,92070,1,570.0,33689.0,570.0,34078.0001,430.0,21454.0
6,CA,92071,6,27260.0,2022722.0,27260.0,2040249.0,22850.0,1573777.0
6,CA,92075,5,6840.0,1584765.0,6840.0,1611830.0,4820.0,690128.0
6,CA,92078,6,22350.0,2225364.0,22350.0,2252812.0,17630.0,1623448.0
6,CA,92081,5,14350.0,1116229.0,14350.0,1130185.0,11970.0,804610.0
6,CA,92082,4,9840.0,817199.0,9840.0,828285.0,7600.0,513849.0
6,CA,92083,4,18580.0,905337.0,18580.0,913940.0,16470.0,760798.0
6,CA,92084,5,23270.0,1491809.0,23270.0,1511093.0,19220.0,1037164.0
6,CA,92086,1,610.0,30885.0,610.0,31268.0001,370.0,17277.0
6,CA,92091,1,690.0,216197.0,690.0,220544.0001,410.0,98378.0
6,CA,92101,6,23650.0,2694295.0,23650.0,2731596.0,20200.0,1696725.0
6,CA,92102,4,20650.0,956889.0,20650.0,966445.0,18550.0,823289.0
6,CA,92103,6,19860.0,2254664.0,19860.0,2295405.0,15680.0,1351602.0
6,CA,92104,5,25570.0,1799238.0,25570.0,1822557.0,22460.0,1454786.0
6,CA,92105,5,30850.0,1180722.0,30850.0,1190326.0,27190.0,1019745.0
6,CA,92106,5,9740.0,1719718.0,9740.0,1744921.0,7230.0,739056.0
6,CA,92107,5,15570.0,1473759.0,15570.0,1498213.0,12760.0,988430.0
6,CA,92108,5,13660.0,1145055.0,13660.0,1158329.0,11990.0,886722.0
6,CA,92109,6,25610.0,2489920.0,25610.0,2524842.0,21500.0,1668734.0
6,CA,92110,5,13540.0,1094114.0,13540.0,1110620.0,10970.0,750021.0
6,CA,92111,5,23130.0,1503328.0,23130.0,1520194.0,19110.0,1122072.0
6,CA,92113,4,22700.0,768070.0,22700.0,772958.0001,20600.0,689289.0
6,CA,92114,5,33260.0,1559648.0,33260.0,1569078.0,28720.0,1260594.0
6,CA,92115,5,26410.0,1492071.0,26410.0,1509847.0,22980.0,1166425.0
6,CA,92116,5,18860.0,1462202.0,18860.0,1483441.0,16240.0,1127164.0
6,CA,92117,6,27470.0,2171012.0,27470.0,2198638.0,21940.0,1549899.0
6,CA,92118,5,8150.0,1277464.0,8150.0,1300132.0,5790.0,595785.0
6,CA,92119,5,12150.0,1055291.0,12150.0,1067589.0,9470.0,726419.0
6,CA,92120,5,15380.0,1501928.0,15380.0,1521283.0,12080.0,980082.0
6,CA,92121,2,2530.0,467102.0,2530.0,473107.0,2230.0,260662.0
6,CA,92122,6,20050.0,2093286.0,20050.0,2120549.0,15820.0,1397053.0
6,CA,92123,5,15320.0,1156228.0,15310.0,1168926.0,13150.0,900561.0
6,CA,92124,5,13590.0,1213893.0,13590.0,1227798.0,11320.0,883004.0
6,CA,92126,6,37760.0,2846002.0,37760.0,2867237.0,33060.0,2310167.0
6,CA,92127,6,20430.0,3807458.0,20430.0,3860484.0,17290.0,2667975.0
6,CA,92128,6,24510.0,2750433.0,24510.0,2782641.0,18650.0,1916208.0
6,CA,92129,6,24510.0,2905919.0,24510.0,2940020.0,20770.0,2234314.0
6,CA,92130,6,26680.0,5802066.0,26680.0,5905387.0,22310.0,3914692.0
6,CA,92131,6,16970.0,2710404.0,16970.0,2749223.0,13890.0,1881127.0
6,CA,92139,4,17920.0,911241.0,17920.0,916384.0001,15650.0,748594.0
6,CA,92154,6,46100.0,2176332.0,46100.0,2191726.0,40020.0,1811543.0
6,CA,92173,4,25750.0,893144.0,25750.0,898631.0,22690.0,778158.0
6,CA,92201,5,26960.0,1225140.0,26960.0,1238245.0,23020.0,913878.0
6,CA,92203,5,13740.0,1018263.0,13740.0,1030869.0,10290.0,648337.0
6,CA,92210,2,1990.0,428399.0,1990.0,437438.0,930.0,108481.0
6,CA,92211,5,13090.0,1238634.0,13090.0,1255220.0,7340.0,481119.0
6,CA,92220,4,14560.0,770996.0,14560.0,776205.0,10590.0,426426.0
6,CA,92223,5,26650.0,1790267.0,26650.0,1805657.0,21700.0,1358301.0
6,CA,92225,2,5710.0,261737.0,5700.0,264013.0,5040.0,215507.0
6,CA,92227,3,11140.0,589345.0,11140.0,595485.0,10050.0,430226.0
6,CA,92230,1,1020.0,37323.0,1020.0,37517.0002,900.0,31163.0
6,CA,92231,4,24770.0,794480.0,24770.0,800354.0,22300.0,648646.0
6,CA,92233,1,1580.0,62497.0,1570.0,62721.0001,1410.0,51820.0
6,CA,92234,5,23630.0,1119733.0,23630.0,1133812.0,18970.0,803664.0
6,CA,92236,3,19150.0,650566.0,19150.0,655924.0001,17740.0,577559.0
6,CA,92240,3,16790.0,611285.0,16790.0,618351.0,14120.0,485210.0
6,CA,92241,1,3160.0,122878.0,3160.0,124274.0001,2290.0,80397.0
6,CA,92242,1,330.0,12529.0,330.0,12580.0002,190.0,5966.0
6,CA,92243,5,20730.0,1005371.0,20720.0,1013739.0,18350.0,754176.0
6,CA,92249,1,3260.0,133572.0,3260.0,134396.0,3050.0,119765.0
6,CA,92250,1,3370.0,195367.0,3370.0,197635.0,3020.0,127352.0
6,CA,92251,3,9390.0,586609.0,9380.0,591120.0,8520.0,506394.0
6,CA,92252,1,3340.0,168141.0,3340.0,170555.0,2450.0,107065.0
6,CA,92253,5,17330.0,1615251.0,17330.0,1642647.0,12530.0,836233.0
6,CA,92254,1,6210.0,168790.0,6210.0,169746.0001,5960.0,145734.0
6,CA,92256,1,1570.0,73971.0,1570.0,75118.0001,1160.0,52022.0
6,CA,92257,1,490.0,16950.0,490.0,17066.0003,370.0,10900.0
6,CA,92260,5,14820.0,1180890.0,14820.0,1199539.0,9790.0,560125.0
6,CA,92262,4,12530.0,989767.0,12530.0,1007775.0,8860.0,545602.0
6,CA,92264,4,9800.0,891377.0,9800.0,907008.0,6050.0,406532.0
6,CA,92270,5,8540.0,1246111.0,8540.0,1269616.0,4520.0,443911.0
6,CA,92274,1,7590.0,243301.0,7590.0,245099.0001,6950.0,200069.0
6,CA,92276,1,3870.0,153846.0,3870.0,155631.0001,2960.0,105809.0
6,CA,92277,2,8700.0,396656.0,8700.0,399941.0,7510.0,315193.0
6,CA,92282,1,450.0,16802.0,450.0,16897.0003,390.0,14076.0
6,CA,92283,1,1030.0,33645.0,1030.0,33778.0003,920.0,25293.0
6,CA,92284,2,9920.0,498576.0,9920.0,505236.0,7540.0,346407.0
6,CA,92285,1,690.0,24852.0,690.0,25195.0002,490.0,16291.0
6,CA,92301,2,13580.0,488684.0,13580.0,492669.0001,11810.0,431978.0
6,CA,92305,1,280.0,19490.0,280.0,19602.0002,240.0,14487.0
6,CA,92307,5,17160.0,1027868.0,17160.0,1039311.0,13580.0,729833.0
6,CA,92308,4,17160.0,977352.0,17160.0,987555.0,13010.0,675636.0
6,CA,92309,1,240.0,8097.0,240.0,8097.0,240.0,7601.0
6,CA,92310,1,2750.0,139613.0,2750.0,140922.0,2710.0,136655.0
6,CA,92311,3,12680.0,538560.0,12680.0,542596.0,10630.0,428585.0
6,CA,92313,2,6230.0,393108.0,6230.0,396787.0,5260.0,299269.0
6,CA,92314,1,4020.0,215007.0,4020.0,218760.0,2940.0,135729.0
6,CA,92315,1,3270.0,210631.0,3270.0,215043.0,2400.0,114970.0
6,CA,92316,3,14720.0,589383.0,14720.0,594583.0,12730.0,498036.0
6,CA,92320,2,4900.0,323492.0,4900.0,326535.0,3770.0,240097.0
6,CA,92324,5,26780.0,1186808.0,26780.0,1196948.0,23820.0,994749.0
6,CA,92327,1,200.0,6838.0,200.0,6838.0,160.0,5314.0
6,CA,92328,1,230.0,8672.0,230.0,8701.0003,220.0,7814.0
6,CA,92335,5,42710.0,1612333.0,42710.0,1623775.0,38030.0,1419412.0
6,CA,92336,6,46830.0,2900040.0,46830.0,2925191.0,41660.0,2508091.0
6,CA,92337,4,17650.0,898634.0,17650.0,905483.0,15840.0,784737.0
6,CA,92339,1,530.0,34640.0,530.0,35179.0,410.0,24840.0
6,CA,92342,1,2800.0,184113.0,2800.0,185765.0,2100.0,130203.0
6,CA,92344,3,9410.0,572338.0,9410.0,577709.0,8000.0,456374.0
6,CA,92345,5,34470.0,1561567.0,34470.0,1575989.0,28720.0,1269852.0
6,CA,92346,5,26540.0,1787106.0,26540.0,1802022.0,22410.0,1216747.0
6,CA,92347,1,260.0,9250.0,260.0,9296.0002,180.0,6688.0
6,CA,92354,4,10160.0,770113.0,10160.0,780280.0,8510.0,576116.0
6,CA,92356,1,1950.0,75929.0,1950.0,76762.0,1470.0,56219.0
6,CA,92358,1,360.0,23105.0,360.0,23261.0002,270.0,13999.0
6,CA,92359,1,4100.0,231880.0,4100.0,234083.0,3560.0,187245.0
6,CA,92363,1,1840.0,78260.0,1840.0,78911.0002,1450.0,51155.0
6,CA,92365,1,700.0,29344.0,700.0,29541.0002,530.0,20286.0
6,CA,92368,1,300.0,12408.0,300.0,12467.0002,240.0,9431.0
6,CA,92371,1,4370.0,218291.0,4370.0,220643.0,3540.0,176006.0
6,CA,92372,1,2080.0,122959.0,2080.0,124042.0001,1600.0,91774.0
6,CA,92373,5,16300.0,1743232.0,16300.0,1773480.0,13000.0,1117178.0
6,CA,92374,5,19280.0,1355539.0,19280.0,1370077.0,16370.0,1001805.0
6,CA,92376,5,38420.0,1514379.0,38420.0,1524547.0,34300.0,1328491.0
6,CA,92377,3,10720.0,596932.0,10720.0,601719.0,9220.0,478918.0
6,CA,92392,5,25120.0,1143818.0,25120.0,1154280.0,21680.0,971582.0
6,CA,92394,3,14140.0,599347.0,14140.0,605027.0,12330.0,516978.0
6,CA,92395,4,17910.0,865854.0,17910.0,874541.0,14790.0,644298.0
6,CA,92397,1,2540.0,199063.0,2540.0,201644.0,1970.0,141995.0
6,CA,92399,5,24760.0,1773169.0,24760.0,1793228.0,20450.0,1266940.0
6,CA,92401,1,670.0,18595.0,670.0,18851.0002,570.0,15041.0
6,CA,92404,5,26030.0,1039804.0,26030.0,1047328.0,23020.0,859096.0
6,CA,92405,2,13200.0,499713.0,13200.0,503473.0001,11680.0,425846.0
6,CA,92407,5,28350.0,1459479.0,28350.0,1470998.0,25190.0,1253079.0
6,CA,92408,1,5630.0,248483.0,5630.0,250580.0001,4980.0,189186.0
6,CA,92410,3,20000.0,628691.0,20000.0,632713.0,17960.0,563550.0
6,CA,92411,2,11430.0,370887.0,11430.0,373077.0,10140.0,324458.0
6,CA,92501,2,9580.0,473386.0,9580.0,477684.0,8420.0,388794.0
6,CA,92503,6,40320.0,2298381.0,40320.0,2321919.0,35310.0,1864704.0
6,CA,92504,5,24650.0,1410585.0,24650.0,1424649.0,20850.0,1061461.0
6,CA,92505,5,22570.0,1097489.0,22570.0,1107590.0,19780.0,927687.0
6,CA,92506,6,21420.0,2116409.0,21420.0,2144557.0,17000.0,1256592.0
6,CA,92507,5,24010.0,1215245.0,24010.0,1226061.0,21300.0,968868.0
6,CA,92508,5,15920.0,1298271.0,15920.0,1313691.0,13670.0,1035727.0
6,CA,92509,5,34540.0,1649705.0,34540.0,1664016.0,30110.0,1383675.0
6,CA,92518,1,460.0,38446.0,460.0,38554.0004,250.0,12121.0
6,CA,92530,5,24700.0,1245768.0,24700.0,1256366.0,21570.0,1051701.0
6,CA,92532,4,11450.0,756943.0,11450.0,763977.0,9990.0,640788.0
6,CA,92536,1,1420.0,86330.0,1420.0,87313.0001,970.0,51316.0
6,CA,92539,1,1570.0,67412.0,1570.0,68260.0,1090.0,45347.0
6,CA,92543,3,14530.0,524358.0,14530.0,528518.0,12160.0,420566.0
6,CA,92544,4,19940.0,997304.0,19940.0,1007177.0,16560.0,722105.0
6,CA,92545,4,17930.0,844568.0,17930.0,851398.0,13240.0,566421.0
6,CA,92548,1,2740.0,107627.0,2740.0,108653.0,2270.0,87196.0
6,CA,92551,3,14630.0,629284.0,14630.0,633851.0001,13130.0,557718.0
6,CA,92553,5,32740.0,1253326.0,32740.0,1262270.0001,29400.0,1110447.0
6,CA,92555,5,19290.0,1100593.0,19290.0,1109649.0,16740.0,910364.0
6,CA,92557,5,24600.0,1233836.0,24600.0,1243925.0,21430.0,1014509.0
6,CA,92561,1,680.0,64398.0,680.0,65186.0001,460.0,32689.0
6,CA,92562,6,28750.0,2429736.0,28750.0,2460167.0,23300.0,1664916.0
6,CA,92563,6,31120.0,2212988.0,31120.0,2234928.0,26410.0,1740245.0
6,CA,92567,1,4270.0,217205.0,4270.0,219290.0001,3590.0,171358.0
6,CA,92570,4,23120.0,998270.0,23120.0,1008045.0,19890.0,818588.0
6,CA,92571,5,24550.0,1075179.0,24550.0,1083129.0,22400.0,967483.0
6,CA,92582,2,8530.0,421078.0,8530.0,424528.0001,7560.0,367907.0
6,CA,92583,3,12870.0,511840.0,12870.0,515626.0001,11060.0,425072.0
6,CA,92584,5,24480.0,1704443.0,24480.0,1720552.0,20430.0,1335444.0
6,CA,92585,3,10740.0,657274.0,10740.0,663556.0,9100.0,528180.0
6,CA,92586,2,10260.0,493301.0,10260.0,497772.0,6850.0,315626.0
6,CA,92587,3,7980.0,619517.0,7980.0,626924.0,6300.0,424237.0
6,CA,92590,1,2190.0,239177.0,2190.0,243464.0,1750.0,119451.0
6,CA,92591,5,18670.0,1442480.0,18670.0,1461163.0,15410.0,1040808.0
6,CA,92592,6,34570.0,3143528.0,34570.0,3182033.0,28740.0,2216803.0
6,CA,92595,4,15690.0,945698.0,15690.0,955810.0,13000.0,733773.0
6,CA,92596,4,13100.0,955582.0,13090.0,964594.0,11360.0,783697.0
6,CA,92602,5,12860.0,1866127.0,12850.0,1896131.0,10820.0,1269939.0
6,CA,92603,6,8990.0,2320142.0,8990.0,2357011.0,6860.0,1202364.0
6,CA,92604,5,13060.0,1320440.0,13060.0,1341342.0,10200.0,935023.0
6,CA,92606,5,10500.0,1091099.0,10500.0,1105525.0,8950.0,820184.0
6,CA,92610,3,6090.0,739191.0,6090.0,749146.0,5470.0,605053.0
6,CA,92612,5,13050.0,1402239.0,13050.0,1422022.0,10400.0,889995.0
6,CA,92614,5,13680.0,1579020.0,13680.0,1601113.0,11480.0,1044840.0
6,CA,92617,2,3600.0,401509.0,3600.0,404867.0,3370.0,314260.0
6,CA,92618,6,23940.0,3401963.0,23940.0,3448810.0,20510.0,2559647.0
6,CA,92620,6,26550.0,3267323.0,26550.0,3319357.0,21990.0,2389754.0
6,CA,92624,2,3780.0,437538.0,3770.0,444474.0,2770.0,232747.0
6,CA,92625,6,6360.0,2812031.0,6360.0,2847978.0,4040.0,953573.0
6,CA,92626,6,25420.0,2387377.0,25420.0,2419383.0,21010.0,1571904.0
6,CA,92627,6,30180.0,2295595.0,30180.0,2332059.0,25080.0,1721863.0
6,CA,92629,6,14470.0,2143912.0,14470.0,2180760.0,10290.0,1084340.0
6,CA,92630,6,32690.0,2925140.0,32690.0,2963091.0,27110.0,2208665.0
6,CA,92637,3,10030.0,720634.0,10030.0,727125.0,3300.0,154806.0
6,CA,92646,6,29160.0,2963570.0,29160.0,3002897.0,21860.0,1940800.0
6,CA,92647,6,29580.0,2232235.0,29580.0,2257577.0,24330.0,1619601.0
6,CA,92648,6,24270.0,3185833.0,24270.0,3237545.0,19020.0,1893433.0
6,CA,92649,6,18040.0,2556019.0,18040.0,2589154.0,13690.0,1318286.0
6,CA,92651,6,12120.0,3422538.0,12120.0,3482586.0,8040.0,1378587.0
6,CA,92653,6,14800.0,2069513.0,14800.0,2098058.0,11740.0,1169009.0
6,CA,92655,1,3990.0,156198.0,3990.0,158009.0001,3260.0,123105.0
6,CA,92656,6,25590.0,2858449.0,25590.0,2895057.0,22150.0,2150414.0
6,CA,92657,6,4710.0,2408917.0,4710.0,2444956.0,3290.0,778039.0
6,CA,92660,6,17830.0,5676166.0,17830.0,5765270.0,12400.0,2278846.0
6,CA,92661,2,1740.0,415725.0,1740.0,422697.0,1210.0,134536.0
6,CA,92662,2,1420.0,366608.0,1420.0,375610.0,810.0,110881.0
6,CA,92663,6,10830.0,2132064.0,10830.0,2164005.0,8200.0,995527.0
6,CA,92672,6,18710.0,2324837.0,18710.0,2361215.0,14530.0,1281541.0
6,CA,92673,6,13690.0,2368221.0,13690.0,2405799.0,10620.0,1415683.0
6,CA,92675,6,17550.0,2327875.0,17550.0,2365086.0,13390.0,1223787.0
6,CA,92676,1,1020.0,142259.0,1020.0,144827.0,780.0,77938.0
6,CA,92677,6,32540.0,4509944.0,32540.0,4585133.0,25030.0,2713291.0
6,CA,92679,6,14960.0,3150179.0,14960.0,3200082.0,12410.0,1890404.0
6,CA,92683,6,44470.0,2374908.0,44470.0,2402077.0,35520.0,1782980.0
6,CA,92688,6,21440.0,2188292.0,21440.0,2212739.0,18910.0,1777235.0
6,CA,92691,6,24260.0,2218544.0,24260.0,2246863.0,19590.0,1623894.0
6,CA,92692,6,23570.0,2694485.0,23570.0,2733643.0,18020.0,1792627.0
6,CA,92694,6,14600.0,3023479.0,14600.0,3060885.0,12180.0,1894430.0
6,CA,92701,4,20540.0,806852.0,20540.0,813424.0,18600.0,711756.0
6,CA,92703,5,29910.0,1082102.0,29910.0,1090428.0,26260.0,963832.0
6,CA,92704,5,39690.0,1771216.0,39690.0,1785749.0,34970.0,1505228.0
6,CA,92705,6,21970.0,2784190.0,21970.0,2829240.0,17730.0,1601891.0
6,CA,92706,5,16460.0,1022327.0,16460.0,1033215.0,14200.0,772377.0
6,CA,92707,5,27610.0,1246585.0,27610.0,1256446.0,24890.0,1089678.0
6,CA,92708,6,28390.0,2373966.0,28390.0,2403812.0,21770.0,1577972.0
6,CA,92780,5,27300.0,1748122.0,27300.0,1770034.0,23560.0,1371795.0
6,CA,92782,5,13740.0,1836746.0,13740.0,1867393.0,11700.0,1293384.0
6,CA,92801,5,29130.0,1320842.0,29130.0,1331367.0,25690.0,1128615.0
6,CA,92802,4,19320.0,907841.0,19320.0,914860.0,16970.0,741671.0
6,CA,92804,5,39500.0,1855816.0,39500.0,1872615.0,34070.0,1565740.0
6,CA,92805,5,34320.0,1610709.0,34320.0,1623208.0,30940.0,1424411.0
6,CA,92806,5,19640.0,1103769.0,19640.0,1114595.0,17100.0,897571.0
6,CA,92807,6,18280.0,2093491.0,18280.0,2119063.0,14480.0,1310291.0
6,CA,92808,5,9750.0,1249173.0,9750.0,1268461.0,8100.0,872695.0
6,CA,92821,5,19690.0,1866317.0,19690.0,1888641.0,16260.0,1287274.0
6,CA,92823,2,2590.0,327510.0,2590.0,331587.0,2010.0,209387.0
6,CA,92831,5,16250.0,1235219.0,16250.0,1250032.0,13990.0,872574.0
6,CA,92832,3,11950.0,686831.0,11950.0,694009.0,10550.0,568990.0
6,CA,92833,5,24500.0,1758330.0,24500.0,1780526.0,20340.0,1297783.0
6,CA,92835,5,12120.0,1539376.0,12120.0,1560531.0,9250.0,899881.0
6,CA,92840,5,26310.0,1270722.0,26310.0,1283246.0,22470.0,1062575.0
6,CA,92841,4,16260.0,814264.0,16260.0,823937.0,13350.0,631807.0
6,CA,92843,4,21350.0,898318.0,21350.0,907516.0,18240.0,763350.0
6,CA,92844,2,11190.0,472469.0,11190.0,478054.0,9220.0,394604.0
6,CA,92845,3,8290.0,740665.0,8290.0,747459.0,6590.0,541490.0
6,CA,92860,4,11180.0,927321.0,11160.0,937136.0,8970.0,654339.0
6,CA,92861,3,2920.0,724471.0,2920.0,737261.0,2030.0,285408.0
6,CA,92865,4,10100.0,776080.0,10100.0,783742.0,8580.0,590798.0
6,CA,92866,2,7130.0,488751.0,7130.0,494025.0,5940.0,377042.0
6,CA,92867,6,19730.0,2078724.0,19730.0,2106687.0,16140.0,1301826.0
6,CA,92868,3,11370.0,695236.0,11370.0,701507.0,10090.0,545172.0
6,CA,92869,5,17870.0,1880569.0,17870.0,1907502.0,14430.0,1191178.0
6,CA,92870,5,25270.0,1985260.0,25270.0,2007908.0,20880.0,1483672.0
6,CA,92879,5,21650.0,1234646.0,21650.0,1246554.0,18980.0,1010384.0
6,CA,92880,6,31520.0,2431730.0,31520.0,2457005.0,27770.0,2057736.0
6,CA,92881,5,13950.0,1264174.0,13950.0,1279620.0,11980.0,926782.0
6,CA,92882,6,31000.0,2049644.0,31000.0,2070113.0,27030.0,1666274.0
6,CA,92883,5,15810.0,1396734.0,15810.0,1413635.0,12920.0,1057710.0
6,CA,92886,6,23760.0,3440912.0,23760.0,3490009.0,18530.0,2033897.0
6,CA,92887,5,10030.0,1445893.0,10030.0,1470078.0,8120.0,906102.0
6,CA,93001,5,15770.0,1285584.0,15770.0,1308603.0,12860.0,812702.0
6,CA,93003,6,24870.0,2036641.0,24870.0,2068167.0,19530.0,1311368.0
6,CA,93004,5,15040.0,1149110.0,15040.0,1163680.0,12250.0,832872.0
6,CA,93010,6,22030.0,2147821.0,22030.0,2175935.0,17340.0,1297567.0
6,CA,93012,6,17840.0,2045784.0,17840.0,2073623.0,13400.0,1270692.0
6,CA,93013,3,7720.0,691033.0,7720.0,702484.0,5950.0,386917.0
6,CA,93015,2,8250.0,472102.0,8250.0,476250.0,7350.0,382963.0
6,CA,93021,5,18010.0,1807776.0,18010.0,1833769.0,15260.0,1323924.0
6,CA,93022,2,3080.0,274937.0,3080.0,279002.0,2380.0,159972.0
6,CA,93023,5,9640.0,1059682.0,9640.0,1082190.0,6720.0,487226.0
6,CA,93030,5,26240.0,1256855.0,26240.0,1265849.0,23730.0,1056062.0
6,CA,93033,5,36010.0,1488507.0,36010.0,1496282.0,32910.0,1287421.0
6,CA,93035,5,14110.0,1118447.0,14110.0,1135075.0,11160.0,707093.0
6,CA,93036,5,21850.0,1306647.0,21850.0,1318848.0,19180.0,1015791.0
6,CA,93041,3,10130.0,520228.0,10120.0,524510.0,8670.0,408613.0
6,CA,93060,4,15170.0,814394.0,15170.0,821037.0,13300.0,614407.0
6,CA,93063,6,27580.0,2270534.0,27580.0,2298472.0,22660.0,1688405.0
6,CA,93065,6,36110.0,3175323.0,36110.0,3217307.0,29950.0,2360779.0
6,CA,93066,1,1640.0,233780.0,1640.0,237401.0,1280.0,106366.0
6,CA,93101,5,15550.0,1241788.0,15550.0,1264826.0,13210.0,807352.0
6,CA,93103,4,9590.0,921792.0,9590.0,936968.0,7710.0,506770.0
6,CA,93105,5,13090.0,1678772.0,13090.0,1714823.0,9190.0,815179.0
6,CA,93108,5,4520.0,1935247.0,4520.0,1958324.0,2540.0,374195.0
6,CA,93109,4,5400.0,784841.0,5400.0,799784.0,3900.0,376688.0
6,CA,93110,5,7990.0,1130489.0,7990.0,1148109.0,5850.0,543759.0
6,CA,93111,5,9310.0,1122441.0,9310.0,1142008.0,7000.0,643761.0
6,CA,93117,5,18890.0,1513005.0,18890.0,1535277.0,15900.0,1047186.0
6,CA,93202,1,1650.0,61505.0,1650.0,61830.0001,1470.0,51442.0
6,CA,93203,2,8060.0,256557.0,8060.0,257764.0,7710.0,220648.0
6,CA,93204,1,3750.0,121406.0,3730.0,122471.0,3520.0,107056.0
6,CA,93205,1,660.0,23096.0,660.0,23238.0002,470.0,14624.0
6,CA,93206,1,860.0,42361.0,860.0,42935.0002,770.0,27745.0
6,CA,93210,2,5670.0,294607.0,5660.0,296351.0,5060.0,238088.0
6,CA,93212,1,5390.0,232868.0,5360.0,234406.0,4830.0,182075.0
6,CA,93215,3,18540.0,694881.0,18540.0,699755.0,17580.0,584807.0
6,CA,93219,1,3830.0,110896.0,3830.0,111582.0001,3690.0,94245.0
6,CA,93221,2,6040.0,398564.0,6040.0,404695.0,5080.0,266035.0
6,CA,93223,1,4220.0,140543.0,4220.0,141233.0,3920.0,123073.0
6,CA,93224,1,140.0,9029.0,140.0,9029.0,110.0,6469.0
6,CA,93225,1,2100.0,121444.0,2100.0,122961.0,1590.0,85802.0
6,CA,93230,5,27800.0,1590251.0,27800.0,1606734.0,24250.0,1209994.0
6,CA,93235,1,1750.0,58658.0,1750.0,59062.0001,1610.0,48734.0
6,CA,93238,1,710.0,45835.0,710.0,46418.0002,440.0,21755.0
6,CA,93239,1,540.0,17162.0,540.0,17306.0002,510.0,15668.0
6,CA,93240,1,2050.0,94548.0,2050.0,95465.0001,1470.0,63876.0
6,CA,93241,1,6240.0,186922.0,6240.0,187559.0001,5950.0,164997.0
6,CA,93242,1,1330.0,73010.0,1330.0,73811.0002,1170.0,49423.0
6,CA,93244,1,210.0,14834.0,210.0,15040.0002,160.0,9352.0
6,CA,93245,4,15770.0,916222.0,15770.0,923990.0,13630.0,681998.0
6,CA,93247,2,7060.0,267418.0,7060.0,269823.0,6450.0,208249.0
6,CA,93249,1,930.0,33466.0,930.0,33596.0001,900.0,32160.0
6,CA,93250,1,5660.0,197552.0,5660.0,198611.0001,5430.0,166705.0
6,CA,93252,1,500.0,23364.0,500.0,23454.0003,410.0,17470.0
6,CA,93254,1,280.0,12037.0,280.0,12085.0002,230.0,9793.0
6,CA,93255,1,170.0,7341.0,170.0,7376.0001,100.0,3342.0
6,CA,93256,1,1890.0,62698.0,1890.0,63153.0001,1760.0,52712.0
6,CA,93257,5,29000.0,1268333.0,29000.0,1279700.0,25710.0,968210.0
6,CA,93263,2,8680.0,419762.0,8680.0,423444.0,7950.0,343286.0
6,CA,93265,1,1770.0,141967.0,1770.0,143827.0,1200.0,81254.0
6,CA,93266,1,610.0,27370.0,610.0,27518.0002,580.0,21126.0
6,CA,93267,1,2290.0,85361.0,2290.0,86014.0001,2060.0,67400.0
6,CA,93268,2,5800.0,294430.0,5800.0,295976.0,5070.0,236455.0
6,CA,93270,1,2560.0,96401.0,2560.0,97640.0,2280.0,71693.0
6,CA,93271,1,1070.0,77700.0,1070.0,79086.0,690.0,41141.0
6,CA,93272,1,1270.0,59804.0,1270.0,60435.0002,1140.0,39506.0
6,CA,93274,5,29900.0,1575308.0,29890.0,1591732.0,26570.0,1189313.0
6,CA,93277,5,22260.0,1275660.0,22260.0,1291584.0,18550.0,914043.0
6,CA,93280,2,9160.0,369425.0,9160.0,371983.0,8560.0,316112.0
6,CA,93283,1,600.0,24148.0,600.0,24396.0002,440.0,15314.0
6,CA,93285,1,850.0,38434.0,850.0,38884.0001,520.0,20980.0
6,CA,93286,1,3790.0,158376.0,3790.0,159801.0001,3390.0,126129.0
6,CA,93291,5,24120.0,1651450.0,24120.0,1672578.0,21390.0,1226214.0
6,CA,93292,5,17710.0,1010478.0,17710.0,1022060.0,15240.0,769725.0
6,CA,93301,2,5400.0,278055.0,5400.0,282812.0,4580.0,182766.0
6,CA,93304,3,19260.0,661785.0,19250.0,666352.0001,17020.0,555586.0
6,CA,93305,2,12960.0,460276.0,12960.0,463621.0,11490.0,365210.0
6,CA,93306,5,29680.0,1580734.0,29680.0,1594578.0,25250.0,1160222.0
6,CA,93307,5,32240.0,1122081.0,32240.0,1130399.0,28810.0,949226.0
6,CA,93308,5,20550.0,1166814.0,20550.0,1177508.0,17380.0,859117.0
6,CA,93309,5,25360.0,1407120.0,25360.0,1421241.0,21280.0,952270.0
6,CA,93311,6,21830.0,2182418.0,21830.0,2212905.0,18520.0,1483030.0
6,CA,93312,6,24980.0,2107515.0,24980.0,2130764.0,21190.0,1614201.0
6,CA,93313,5,24110.0,1280354.0,24110.0,1292731.0,20790.0,1039345.0
6,CA,93314,5,13840.0,1490106.0,13840.0,1506845.0,11730.0,1089087.0
6,CA,93401,5,14610.0,1489867.0,14610.0,1522207.0,11390.0,851590.0
6,CA,93402,3,6930.0,536117.0,6930.0,545922.0,4840.0,285281.0
6,CA,93405,3,7790.0,722590.0,7790.0,733699.0,6110.0,405425.0
6,CA,93420,5,14110.0,1420077.0,14110.0,1445807.0,10090.0,743811.0
6,CA,93422,5,14940.0,1212948.0,14940.0,1231058.0,11680.0,766904.0
6,CA,93426,1,540.0,42083.0,540.0,42565.0002,400.0,24758.0
6,CA,93427,1,3140.0,247279.0,3140.0,251979.0,2550.0,169814.0
6,CA,93428,2,3320.0,342820.0,3320.0,348896.0,1910.0,98947.0
6,CA,93430,1,1500.0,142553.0,1500.0,145464.0,950.0,59741.0
6,CA,93432,1,710.0,59784.0,710.0,60616.0001,550.0,34484.0
6,CA,93433,2,6090.0,396396.0,6090.0,401082.0,4930.0,276846.0
6,CA,93434,1,3560.0,155494.0,3560.0,156359.0001,3300.0,134209.0
6,CA,93436,5,23420.0,1352472.0,23420.0,1364413.0,19860.0,977508.0
6,CA,93437,1,1250.0,65699.0,1250.0,66261.0,1230.0,63147.0
6,CA,93442,2,5560.0,418863.0,5560.0,426099.0,3780.0,216451.0
6,CA,93444,4,10730.0,912401.0,10730.0,924080.0,8090.0,503934.0
6,CA,93445,1,2970.0,151842.0,2970.0,153335.0001,2540.0,119007.0
6,CA,93446,5,20230.0,1510883.0,20230.0,1530942.0,16130.0,987745.0
6,CA,93449,2,4160.0,499624.0,4160.0,508291.0,2790.0,244234.0
6,CA,93450,1,260.0,22933.0,260.0,23002.0003,220.0,8765.0
6,CA,93451,1,2020.0,121416.0,2020.0,122842.0001,1730.0,88395.0
6,CA,93452,1,230.0,12601.0,230.0,12641.0004,190.0,7999.0
6,CA,93453,1,1300.0,97574.0,1300.0,98764.0001,990.0,60787.0
6,CA,93454,4,17710.0,892967.0,17710.0,901621.0,15450.0,655298.0
6,CA,93455,5,21000.0,1645832.0,21000.0,1664368.0,16990.0,1080006.0
6,CA,93458,4,24300.0,950006.0,24300.0,954870.0,22730.0,838222.0
6,CA,93460,2,2840.0,416571.0,2840.0,425196.0,1960.0,155208.0
6,CA,93461,1,640.0,31548.0,640.0,31920.0001,550.0,24023.0
6,CA,93463,2,3830.0,486487.0,3830.0,496566.0,2740.0,209439.0
6,CA,93465,3,5100.0,521531.0,5100.0,531729.0,3980.0,295333.0
6,CA,93501,1,1850.0,76423.0,1850.0,77016.0,1540.0,61072.0
6,CA,93505,1,4430.0,201494.0,4430.0,203274.0001,3600.0,157739.0
6,CA,93510,2,3720.0,331359.0,3720.0,335635.0,2870.0,231032.0
6,CA,93513,1,810.0,46985.0,810.0,47280.0001,620.0,32101.0
6,CA,93514,2,6280.0,431428.0,6280.0,437561.0,4880.0,266152.0
6,CA,93516,1,680.0,32256.0,680.0,32388.0002,520.0,23617.0
6,CA,93517,1,400.0,20933.0,400.0,21076.0003,330.0,13316.0
6,CA,93518,1,410.0,22071.0,410.0,22399.0002,230.0,12579.0
6,CA,93523,1,1130.0,72979.0,1130.0,73544.0,1020.0,63347.0
6,CA,93526,1,310.0,21404.0,310.0,21505.0003,200.0,11604.0
6,CA,93527,1,910.0,60706.0,910.0,61132.0002,650.0,40498.0
6,CA,93531,1,250.0,30298.0,250.0,30551.0005,170.0,16836.0
6,CA,93532,1,1150.0,78866.0,1150.0,79602.0001,920.0,60749.0
6,CA,93534,3,16860.0,728463.0,16860.0,735025.0,14240.0,598025.0
6,CA,93535,5,31380.0,1261523.0,31380.0,1271610.0,26800.0,1066654.0
6,CA,93536,6,30440.0,2110196.0,30440.0,2130273.0,25570.0,1662726.0
6,CA,93543,1,5710.0,246750.0,5710.0,249103.0001,4570.0,195149.0
6,CA,93544,1,440.0,24871.0,440.0,25135.0002,290.0,15459.0
6,CA,93545,1,840.0,47791.0,840.0,48222.0002,660.0,30318.0
6,CA,93546,2,4590.0,338678.0,4590.0,347609.0,4010.0,211606.0
6,CA,93550,5,32270.0,1263394.0,32270.0,1275272.0,27730.0,1087997.0
6,CA,93551,5,24400.0,1830610.0,24400.0,1850681.0,20260.0,1406975.0
6,CA,93552,4,17770.0,808497.0,17770.0,815183.0,15510.0,701619.0
6,CA,93553,1,790.0,44454.0,790.0,44818.0002,570.0,31394.0
6,CA,93555,4,13980.0,964581.0,13980.0,972586.0,11590.0,739184.0
6,CA,93560,2,8730.0,491285.0,8720.0,495115.0,7500.0,412710.0
6,CA,93561,4,12770.0,926734.0,12770.0,935166.0,9750.0,638139.0
6,CA,93562,1,480.0,23774.0,480.0,23893.0003,420.0,19446.0
6,CA,93591,1,2680.0,103627.0,2680.0,104419.0,2190.0,84993.0
6,CA,93601,1,830.0,56460.0,830.0,57072.0001,580.0,32099.0
6,CA,93602,1,1460.0,103575.0,1460.0,104642.0001,1070.0,63316.0
6,CA,93604,1,350.0,26086.0,350.0,26512.0003,190.0,9722.0
6,CA,93608,1,440.0,14845.0,440.0,14879.0002,420.0,13417.0
6,CA,93609,1,2290.0,130104.0,2290.0,131294.0,2080.0,82489.0
6,CA,93610,2,6810.0,361506.0,6800.0,366152.0,5920.0,266597.0
6,CA,93611,5,21490.0,1690665.0,21480.0,1708987.0,17540.0,1220679.0
6,CA,93612,3,15700.0,711409.0,15700.0,717939.0,13470.0,556088.0
6,CA,93614,2,5200.0,354671.0,5200.0,358716.0,3610.0,214419.0
6,CA,93615,1,2130.0,61563.0,2130.0,61850.0002,2000.0,52323.0
6,CA,93616,1,1090.0,36721.0,1090.0,37020.0002,1010.0,29392.0
6,CA,93618,3,12370.0,505788.0,12360.0,509537.0,11430.0,412694.0
6,CA,93619,6,20490.0,2379111.0,20490.0,2411075.0,17030.0,1659503.0
6,CA,93620,1,3930.0,189049.0,3930.0,191320.0,3520.0,142613.0
6,CA,93621,1,210.0,9780.0,210.0,9811.0003,150.0,6211.0
6,CA,93622,1,4250.0,188235.0,4250.0,189988.0,4050.0,138315.0
6,CA,93625,1,3590.0,201744.0,3590.0,203558.0,3140.0,155427.0
6,CA,93626,1,980.0,160187.0,980.0,161595.0,760.0,80411.0
6,CA,93628,1,150.0,5941.0,150.0,6063.0003,130.0,4688.0
6,CA,93630,2,8180.0,399163.0,8180.0,404212.0,7380.0,305265.0
6,CA,93631,3,7260.0,514700.0,7260.0,520855.0,6170.0,364987.0
6,CA,93635,5,19770.0,1054292.0,19770.0,1063584.0,17520.0,834560.0
6,CA,93636,3,6420.0,546341.0,6420.0,553152.0,5150.0,375962.0
6,CA,93637,4,16520.0,930554.0,16520.0,939742.0,14490.0,631263.0
6,CA,93638,3,19030.0,705735.0,19030.0,710172.0,17440.0,592624.0
6,CA,93640,1,5990.0,178054.0,5990.0,179230.0001,5770.0,139091.0
6,CA,93641,1,130.0,7610.0,130.0,7610.0,80.0,3947.0
6,CA,93643,1,1360.0,82751.0,1360.0,83813.0001,940.0,44926.0
6,CA,93644,1,3960.0,242895.0,3960.0,246990.0,2770.0,134530.0
6,CA,93645,1,140.0,13563.0,140.0,13611.0003,100.0,6980.0
6,CA,93646,1,4000.0,142558.0,4000.0,143455.0,3820.0,110462.0
6,CA,93647,1,4330.0,139410.0,4330.0,140259.0001,4100.0,114987.0
6,CA,93648,1,6400.0,207966.0,6400.0,209037.0,6110.0,184420.0
6,CA,93650,1,1780.0,84143.0,1780.0,85040.0002,1490.0,52006.0
6,CA,93651,1,830.0,75774.0,830.0,76598.0001,630.0,46336.0
6,CA,93652,1,280.0,9136.0,270.0,9158.0002,260.0,7923.0
6,CA,93653,1,430.0,31532.0,430.0,31961.0002,320.0,17683.0
6,CA,93654,3,12840.0,621149.0,12840.0,626638.0,11460.0,459733.0
6,CA,93656,1,2450.0,115527.0,2450.0,116462.0001,2220.0,88127.0
6,CA,93657,4,15890.0,878457.0,15890.0,886602.0,13970.0,645614.0
6,CA,93660,1,1690.0,56759.0,1690.0,56927.0002,1620.0,49686.0
6,CA,93662,3,12910.0,550796.0,12910.0,555560.0,11520.0,430315.0
6,CA,93664,1,310.0,46157.0,310.0,46660.0003,200.0,17132.0
6,CA,93667,1,960.0,65000.0,960.0,65570.0001,740.0,43576.0
6,CA,93668,1,420.0,26701.0,420.0,27005.0003,370.0,14168.0
6,CA,93669,1,110.0,4738.0,110.0,4738.0,80.0,2279.0
6,CA,93675,1,1360.0,74723.0,1360.0,75365.0001,1010.0,50859.0
6,CA,93701,1,3700.0,98847.0,3700.0,99561.0,3360.0,85021.0
6,CA,93702,2,16440.0,471763.0,16430.0,474593.0001,15000.0,413933.0
6,CA,93703,2,12990.0,411096.0,12990.0,413962.0,11550.0,348620.0
6,CA,93704,4,12740.0,795456.0,12740.0,806146.0,10440.0,530538.0
6,CA,93705,3,15110.0,556219.0,15110.0,560141.0001,13070.0,450831.0
6,CA,93706,2,14150.0,490603.0,14150.0,496310.0,12590.0,379735.0
6,CA,93710,3,13010.0,641714.0,13010.0,647478.0,10840.0,453736.0
6,CA,93711,6,18550.0,2105843.0,18550.0,2137770.0,13940.0,1089537.0
6,CA,93720,5,22410.0,1983925.0,22410.0,2012902.0,18090.0,1338076.0
6,CA,93721,1,1560.0,70383.0,1560.0,71419.0001,1390.0,53043.0
6,CA,93722,5,37160.0,1865701.0,37160.0,1884417.0,31900.0,1449859.0
6,CA,93723,2,5100.0,358630.0,5100.0,363305.0,4110.0,246367.0
6,CA,93725,2,10450.0,415778.0,10450.0,418746.0,9480.0,329681.0
6,CA,93726,3,17720.0,637160.0,17720.0,641802.0,15650.0,526598.0
6,CA,93727,5,33230.0,1670435.0,33230.0,1685820.0,29210.0,1331866.0
6,CA,93728,2,6750.0,253617.0,6750.0,255749.0001,5950.0,209419.0
6,CA,93730,4,5780.0,972290.0,5780.0,989969.0,4590.0,603994.0
6,CA,93901,4,12840.0,858939.0,12840.0,869127.0,10840.0,619191.0
6,CA,93905,5,27360.0,1096426.0,27360.0,1101386.0,26040.0,984720.0
6,CA,93906,5,28040.0,1471788.0,28040.0,1480870.0,25450.0,1249037.0
6,CA,93907,3,10380.0,745089.0,10380.0,752842.0,8720.0,538119.0
6,CA,93908,4,6080.0,968524.0,6080.0,986878.0,4590.0,514612.0
6,CA,93920,1,680.0,43073.0,680.0,43956.0002,590.0,28257.0
6,CA,93923,5,5320.0,1085780.0,5320.0,1106733.0,2990.0,395047.0
6,CA,93924,2,3160.0,460436.0,3160.0,471027.0,2150.0,208679.0
6,CA,93925,1,810.0,43593.0,810.0,43824.0002,760.0,34388.0
6,CA,93926,1,4400.0,234263.0,4400.0,235804.0,4100.0,192208.0
6,CA,93927,2,7980.0,363719.0,7980.0,366209.0,7650.0,307041.0
6,CA,93930,2,6790.0,344152.0,6790.0,346509.0,6280.0,279775.0
6,CA,93933,4,12460.0,840621.0,12460.0,849171.0,10710.0,658366.0
6,CA,93940,5,14850.0,1502721.0,14850.0,1529844.0,11420.0,869685.0
6,CA,93950,4,7770.0,789364.0,7770.0,803164.0,5380.0,431429.0
6,CA,93953,3,2140.0,651889.0,2140.0,663197.0,1160.0,218864.0
6,CA,93955,4,15000.0,803950.0,15000.0,811533.0,12960.0,648156.0
6,CA,93960,2,8610.0,451403.0,8580.0,454240.0,8020.0,382636.0
6,CA,94002,6,13370.0,2872092.0,13370.0,2902246.0,10810.0,2175790.0
6,CA,94005,2,2580.0,370389.0,2580.0,375919.0,2060.0,284090.0
6,CA,94010,6,20820.0,8908707.0,20820.0,9010004.0,15820.0,4746343.0
6,CA,94014,5,24870.0,1717322.0,24870.0,1731484.0,21390.0,1409476.0
6,CA,94015,6,33110.0,2574820.0,33110.0,2596604.0,27580.0,2026334.0
6,CA,94019,5,8240.0,1404056.0,8240.0,1422439.0,6540.0,951265.0
6,CA,94020,1,800.0,117116.0,800.0,118984.0,630.0,79848.0
6,CA,94022,6,9980.0,6818708.0,9980.0,6887042.0,7090.0,3631356.0
6,CA,94024,6,11220.0,5893775.0,11220.0,5955404.0,8230.0,3638783.0
6,CA,94025,6,19700.0,8002939.0,19700.0,8095724.0,15670.0,4666199.0
6,CA,94027,6,3200.0,4967284.0,3200.0,5000897.0,2040.0,1926150.0
6,CA,94028,6,3380.0,2575859.0,3380.0,2605604.0,2190.0,1083877.0
6,CA,94030,5,11880.0,1714600.0,11880.0,1735877.0,9250.0,1174915.0
6,CA,94038,1,1530.0,188049.0,1530.0,190591.0,1210.0,130395.0
6,CA,94040,6,16790.0,3795755.0,16790.0,3824351.0,14300.0,3047737.0
6,CA,94041,5,7640.0,1654798.0,7640.0,1667077.0,6650.0,1284499.0
6,CA,94043,6,15760.0,3113731.0,15760.0,3131402.0,13880.0,2664525.0
6,CA,94044,6,20230.0,2414696.0,20230.0,2439766.0,16380.0,1809212.0
6,CA,94060,1,750.0,66202.0,750.0,67503.0001,630.0,43658.0
6,CA,94061,6,17630.0,2793366.0,17630.0,2824094.0,14420.0,2099345.0
6,CA,94062,6,13380.0,6049573.0,13380.0,6109886.0,10180.0,2933471.0
6,CA,94063,5,16210.0,1574498.0,16210.0,1587035.0,14070.0,1319958.0
6,CA,94065,5,6090.0,1613452.0,6090.0,1630111.0,5070.0,1220672.0
6,CA,94066,6,23220.0,2276164.0,23220.0,2294670.0,19340.0,1792768.0
6,CA,94070,6,15640.0,4429852.0,15640.0,4477954.0,12420.0,3076530.0
6,CA,94074,1,120.0,11908.0,120.0,12062.0003,90.0,6991.0
6,CA,94080,6,34700.0,3340784.0,34700.0,3367241.0,29370.0,2670552.0
6,CA,94085,5,12250.0,1790351.0,12250.0,1798359.0,11290.0,1639517.0
6,CA,94086,6,24060.0,4029165.0,24060.0,4050602.0,21450.0,3498670.0
6,CA,94087,6,26000.0,5817466.0,26000.0,5857878.0,21450.0,4665889.0
6,CA,94089,5,12000.0,1475157.0,12000.0,1482752.0,10590.0,1313774.0
6,CA,94102,5,15240.0,1739892.0,15240.0,1755576.0,13530.0,1391603.0
6,CA,94103,6,16480.0,2332342.0,16480.0,2347538.0,15040.0,1910204.0
6,CA,94104,5,1110.0,1315990.0,1110.0,1323821.0,790.0,264559.0
6,CA,94105,6,7890.0,2820151.0,7890.0,2848307.0,7200.0,1806603.0
6,CA,94107,6,18020.0,3814577.0,18020.0,3852062.0,16130.0,2979679.0
6,CA,94108,4,6590.0,883012.0,6590.0,893804.0,5630.0,604429.0
6,CA,94109,6,29890.0,4862318.0,29890.0,4909612.0,25070.0,3456193.0
6,CA,94110,6,36460.0,5571756.0,36460.0,5632667.0,31340.0,4363252.0
6,CA,94111,6,2800.0,2747670.0,2800.0,2762845.0,2080.0,451540.0
6,CA,94112,6,43590.0,3257955.0,43590.0,3294941.0,37000.0,2620790.0
6,CA,94114,6,19480.0,5362516.0,19480.0,5423591.0,15920.0,3528381.0
6,CA,94115,6,18660.0,4956196.0,18660.0,5003873.0,15620.0,2842662.0
6,CA,94116,6,23570.0,2925121.0,23570.0,2965497.0,18730.0,2060122.0
6,CA,94117,6,21410.0,4492505.0,21410.0,4540856.0,18480.0,3136663.0
6,CA,94118,6,20440.0,5657471.0,20440.0,5717793.0,16380.0,2885713.0
6,CA,94121,6,22660.0,3553653.0,22660.0,3601679.0,17980.0,2128608.0
6,CA,94122,6,31200.0,3712257.0,31200.0,3759200.0,25350.0,2750196.0
6,CA,94123,6,14180.0,5322051.0,14180.0,5368176.0,11700.0,3130356.0
6,CA,94124,5,19280.0,1174735.0,19280.0,1187994.0,16880.0,975866.0
6,CA,94127,6,10540.0,2593994.0,10540.0,2636680.0,7870.0,1573736.0
6,CA,94129,3,1930.0,661305.0,1930.0,666254.0,1720.0,310547.0
6,CA,94130,1,1090.0,47753.0,1090.0,48141.0001,960.0,42584.0
6,CA,94131,6,15630.0,3577989.0,15630.0,3618848.0,12230.0,2525152.0
6,CA,94132,5,13400.0,1307037.0,13400.0,1325427.0,10930.0,937167.0
6,CA,94133,6,13710.0,2117023.0,13710.0,2139570.0,11470.0,1345352.0
6,CA,94134,5,22560.0,1477522.0,22560.0,1493482.0,19340.0,1209940.0
6,CA,94158,5,5060.0,1018836.0,5060.0,1025979.0,4760.0,898800.0
6,CA,94301,6,8210.0,6623522.0,8210.0,6670821.0,6080.0,2711358.0
6,CA,94303,6,22350.0,4011672.0,22350.0,4045620.0,18940.0,2723402.0
6,CA,94304,5,1960.0,1721538.0,1960.0,1728647.0,1490.0,314996.0
6,CA,94305,3,3290.0,721785.0,3290.0,731426.0,3020.0,419720.0
6,CA,94306,6,13450.0,4048146.0,13450.0,4087156.0,10760.0,2896777.0
6,CA,94401,5,17510.0,1961626.0,17510.0,1981238.0,14350.0,1472208.0
6,CA,94402,6,13630.0,3396690.0,13630.0,3442454.0,10390.0,2180984.0
6,CA,94403,6,22230.0,4042550.0,22230.0,4075923.0,18210.0,2682518.0
6,CA,94404,6,17940.0,3525831.0,17940.0,3558828.0,14590.0,2701260.0
6,CA,94501,6,32090.0,3623009.0,32090.0,3674023.0,26360.0,2695220.0
6,CA,94502,5,6980.0,1114768.0,6980.0,1129647.0,5370.0,755614.0
6,CA,94503,4,10480.0,792134.0,10480.0,798098.0,9200.0,653365.0
6,CA,94505,4,7310.0,869014.0,7310.0,879072.0,5890.0,598641.0
6,CA,94506,6,11380.0,3265413.0,11380.0,3310415.0,9100.0,2066045.0
6,CA,94507,6,7640.0,2995960.0,7640.0,3050536.0,5480.0,1495035.0
6,CA,94508,1,1220.0,138348.0,1220.0,141500.0,1020.0,76433.0
6,CA,94509,5,30830.0,1697163.0,30830.0,1708967.0,26510.0,1373156.0
6,CA,94510,5,14250.0,1542583.0,14250.0,1563713.0,11060.0,1066412.0
6,CA,94513,6,30720.0,3082017.0,30720.0,3110441.0,25030.0,2291182.0
6,CA,94514,1,570.0,44358.0,570.0,44699.0002,460.0,32389.0
6,CA,94515,2,3430.0,455801.0,3430.0,461395.0,2650.0,178589.0
6,CA,94517,4,6350.0,967907.0,6350.0,981044.0,4790.0,576113.0
6,CA,94518,5,13540.0,1225714.0,13540.0,1240592.0,10840.0,912473.0
6,CA,94519,3,9320.0,738145.0,9320.0,744726.0,7630.0,570820.0
6,CA,94520,5,17300.0,1069064.0,17300.0,1078190.0,14770.0,801700.0
6,CA,94521,6,21050.0,2012606.0,21050.0,2034512.0,16950.0,1485183.0
6,CA,94523,5,17450.0,1993813.0,17450.0,2023153.0,13810.0,1434240.0
6,CA,94525,1,1770.0,143187.0,1770.0,144637.0,1400.0,100428.0
6,CA,94526,6,16290.0,3795037.0,16290.0,3851359.0,12330.0,2335656.0
6,CA,94530,5,13950.0,1560493.0,13950.0,1587923.0,10520.0,1037639.0
6,CA,94531,5,21640.0,1515649.0,21640.0,1527739.0,18970.0,1253799.0
6,CA,94533,6,35590.0,2128093.0,35590.0,2141787.0,30590.0,1666612.0
6,CA,94534,6,19970.0,2108697.0,19970.0,2133725.0,16450.0,1486933.0
6,CA,94535,1,1990.0,90195.0,1990.0,91044.0001,1950.0,87068.0
6,CA,94536,6,32380.0,4210787.0,32380.0,4239433.0,27910.0,3526638.0
6,CA,94538,6,30970.0,3315731.0,30970.0,3337062.0,27550.0,2931274.0
6,CA,94539,6,24250.0,5567965.0,24250.0,5611555.0,20540.0,4237016.0
6,CA,94541,6,31860.0,2131957.0,31850.0,2147634.0,28050.0,1824978.0
6,CA,94542,4,7010.0,866870.0,7010.0,876734.0,5920.0,640476.0
6,CA,94544,6,37740.0,2417787.0,37740.0,2434412.0,33520.0,2088201.0
6,CA,94545,5,16960.0,1297816.0,16960.0,1308098.0,14740.0,1089280.0
6,CA,94546,6,22690.0,2203049.0,22690.0,2227717.0,18500.0,1631769.0
6,CA,94547,5,13320.0,1176975.0,13320.0,1186806.0,11030.0,908736.0
6,CA,94549,6,13860.0,4583235.0,13860.0,4658804.0,10090.0,2256112.0
6,CA,94550,6,24010.0,3880567.0,24010.0,3913848.0,19730.0,2445793.0
6,CA,94551,6,20650.0,2204893.0,20650.0,2224238.0,18060.0,1761537.0
6,CA,94552,5,7330.0,1129054.0,7330.0,1143034.0,5830.0,781321.0
6,CA,94553,6,25140.0,2428175.0,25140.0,2455768.0,20220.0,1702222.0
6,CA,94555,6,15870.0,2695210.0,15870.0,2709756.0,13890.0,2287007.0
6,CA,94556,5,7210.0,1697211.0,7210.0,1729533.0,5270.0,1044584.0
6,CA,94558,6,32470.0,3426053.0,32470.0,3482177.0,25780.0,1974772.0
6,CA,94559,5,13780.0,1228201.0,13780.0,1249064.0,11410.0,796873.0
6,CA,94560,6,23920.0,2611050.0,23920.0,2628082.0,20860.0,2239564.0
6,CA,94561,5,20140.0,1542285.0,20140.0,1553997.0,17670.0,1291595.0
6,CA,94563,6,9230.0,3237273.0,9230.0,3300105.0,6530.0,1772124.0
6,CA,94564,4,10270.0,788009.0,10270.0,795815.0,8140.0,571442.0
6,CA,94565,6,44950.0,2582468.0,44950.0,2601857.0,39060.0,2171538.0
6,CA,94566,6,21130.0,4754095.0,21130.0,4801506.0,17310.0,3209597.0
6,CA,94567,1,290.0,22719.0,290.0,22966.0002,220.0,12853.0
6,CA,94568,6,29280.0,4962080.0,29270.0,5000967.0,26230.0,4214928.0
6,CA,94571,2,5520.0,427673.0,5520.0,431737.0,3310.0,197979.0
6,CA,94572,2,4450.0,293193.0,4450.0,295361.0,3720.0,228300.0
6,CA,94574,3,3910.0,744455.0,3910.0,761984.0,2840.0,269930.0
6,CA,94577,5,24950.0,1941555.0,24940.0,1961836.0,20830.0,1498194.0
6,CA,94578,5,20020.0,1224484.0,20020.0,1234956.0,17410.0,1009022.0
6,CA,94579,4,11350.0,784801.0,11350.0,793457.0,9480.0,617179.0
6,CA,94580,5,15110.0,1021731.0,15110.0,1029721.0,12940.0,840947.0
6,CA,94582,6,19420.0,3922351.0,19420.0,3959198.0,17260.0,3255248.0
6,CA,94583,6,21220.0,4484776.0,21220.0,4520183.0,18280.0,3716476.0
6,CA,94585,4,14750.0,926439.0,14750.0,931957.0,12890.0,756753.0
6,CA,94586,1,550.0,96841.0,550.0,98348.0002,420.0,61117.0
6,CA,94587,6,35480.0,3375909.0,35480.0,3401777.0,30650.0,2815328.0
6,CA,94588,6,16700.0,2966608.0,16700.0,2994498.0,13980.0,2154684.0
6,CA,94589,4,15000.0,779762.0,15000.0,784121.0001,12880.0,634712.0
6,CA,94590,4,18180.0,946778.0,18180.0,955296.0,15510.0,758066.0
6,CA,94591,6,28500.0,2047697.0,28500.0,2063183.0,23500.0,1552990.0
6,CA,94592,1,450.0,48156.0,450.0,48736.0003,370.0,38606.0
6,CA,94595,5,10110.0,1408650.0,10110.0,1427463.0,4490.0,582127.0
6,CA,94596,5,11960.0,1822883.0,11960.0,1854313.0,9560.0,1211905.0
6,CA,94597,5,12000.0,1534231.0,12000.0,1556392.0,9680.0,1121051.0
6,CA,94598,6,13590.0,2574671.0,13590.0,2613070.0,10100.0,1561932.0
6,CA,94599,1,1450.0,180552.0,1450.0,183968.0,950.0,84050.0
6,CA,94601,5,23400.0,1146839.0,23400.0,1157240.0,20490.0,991529.0
6,CA,94602,5,15040.0,1726496.0,15040.0,1757204.0,12140.0,1253445.0
6,CA,94603,4,16060.0,758639.0,16060.0,763374.0,14300.0,667551.0
6,CA,94605,5,21400.0,1678230.0,21400.0,1695715.0,17900.0,1293857.0
6,CA,94606,5,18850.0,1123298.0,18850.0,1137358.0,16570.0,958976.0
6,CA,94607,5,13880.0,1140414.0,13880.0,1152609.0,12260.0,976549.0
6,CA,94608,5,17340.0,1629355.0,17340.0,1648330.0,15040.0,1363970.0
6,CA,94609,5,12450.0,1211997.0,12450.0,1228972.0,10720.0,990776.0
6,CA,94610,6,17630.0,2667934.0,17630.0,2714381.0,14130.0,1833600.0
6,CA,94611,6,21140.0,5051444.0,21140.0,5140754.0,16170.0,2911810.0
6,CA,94612,5,9550.0,1007544.0,9550.0,1016749.0,8540.0,807320.0
6,CA,94618,6,8770.0,2170292.0,8770.0,2208351.0,6580.0,1310475.0
6,CA,94619,5,12680.0,1354657.0,12680.0,1373913.0,10230.0,973842.0
6,CA,94621,3,14320.0,604390.0,14320.0,608564.0,12590.0,533551.0
6,CA,94702,4,8870.0,927279.0,8870.0,941389.0,7140.0,697609.0
6,CA,94703,5,10070.0,1043719.0,10070.0,1061644.0,8220.0,732155.0
6,CA,94704,3,6270.0,504469.0,6270.0,511756.0,5410.0,319356.0
6,CA,94705,5,7310.0,1664092.0,7310.0,1697189.0,5320.0,800186.0
6,CA,94706,5,9330.0,1139291.0,9330.0,1158905.0,7330.0,808335.0
6,CA,94707,5,7000.0,1564395.0,7000.0,1596770.0,4720.0,778784.0
6,CA,94708,5,5960.0,1360266.0,5960.0,1387345.0,3940.0,677208.0
6,CA,94709,3,5010.0,542376.0,5010.0,551020.0,3950.0,350481.0
6,CA,94710,2,4170.0,425456.0,4170.0,431694.0,3460.0,297764.0
6,CA,94801,4,14070.0,787130.0,14070.0,795728.0,12050.0,602020.0
6,CA,94803,5,13030.0,1007490.0,13030.0,1019896.0,10220.0,712433.0
6,CA,94804,5,20970.0,1279967.0,20970.0,1294418.0,17650.0,1032863.0
6,CA,94805,3,7360.0,552540.0,7360.0,559717.0,5830.0,411220.0
6,CA,94806,5,29840.0,1633268.0,29840.0,1646759.0,25450.0,1363214.0
6,CA,94901,6,19530.0,2975356.0,19530.0,3041062.0,14550.0,1585111.0
6,CA,94903,6,14840.0,2177346.0,14840.0,2216562.0,10640.0,1254298.0
6,CA,94904,6,6160.0,2160480.0,6160.0,2202419.0,4160.0,993468.0
6,CA,94920,6,6200.0,3400730.0,6200.0,3451845.0,3990.0,1342287.0
6,CA,94922,1,230.0,18152.0,230.0,18492.0002,150.0,9158.0
6,CA,94923,1,760.0,87307.0,760.0,88566.0,480.0,37765.0
6,CA,94924,1,630.0,60890.0,630.0,62568.0,350.0,21127.0
6,CA,94925,5,4980.0,1099221.0,4980.0,1120775.0,3660.0,670851.0
6,CA,94928,5,21620.0,1480394.0,21620.0,1496637.0,18430.0,1136203.0
6,CA,94930,3,4370.0,578017.0,4370.0,593600.0,3140.0,354953.0
6,CA,94931,2,4880.0,385226.0,4880.0,391204.0,3970.0,264837.0
6,CA,94937,1,510.0,67033.0,510.0,68613.0001,280.0,17819.0
6,CA,94939,5,3740.0,1128480.0,3740.0,1149715.0,2630.0,560223.0
6,CA,94941,6,15180.0,4567146.0,15180.0,4670060.0,10460.0,2354905.0
6,CA,94945,5,8760.0,1068243.0,8760.0,1088238.0,6470.0,641831.0
6,CA,94946,1,300.0,77550.0,300.0,78770.0002,190.0,25758.0
6,CA,94947,5,12310.0,1425119.0,12310.0,1450716.0,9290.0,885032.0
6,CA,94949,5,8730.0,1102162.0,8730.0,1125687.0,6420.0,673015.0
6,CA,94951,2,2260.0,273021.0,2260.0,277988.0,1620.0,141106.0
6,CA,94952,5,16360.0,1784749.0,16360.0,1822793.0,12430.0,1062100.0
6,CA,94954,5,19060.0,1705637.0,19060.0,1729565.0,15180.0,1194958.0
6,CA,94956,1,770.0,79232.0,770.0,81582.0,460.0,27085.0
6,CA,94960,5,7330.0,1688645.0,7330.0,1726614.0,5240.0,909649.0
6,CA,94965,5,6190.0,1240725.0,6190.0,1269540.0,4390.0,640299.0
6,CA,95003,5,12040.0,1561816.0,12040.0,1589647.0,8700.0,878573.0
6,CA,95004,1,1970.0,182173.0,1970.0,184506.0,1560.0,109890.0
6,CA,95005,2,3100.0,311579.0,3100.0,316229.0,2440.0,219914.0
6,CA,95006,2,4280.0,427177.0,4280.0,432191.0,3400.0,317956.0
6,CA,95008,6,23540.0,3647521.0,23540.0,3684964.0,19990.0,2859979.0
6,CA,95010,3,5410.0,571882.0,5410.0,581097.0,4000.0,355978.0
6,CA,95012,1,5350.0,240998.0,5350.0,242742.0001,4880.0,196720.0
6,CA,95014,6,27100.0,6808155.0,27100.0,6856826.0,22170.0,5225721.0
6,CA,95017,1,390.0,29910.0,390.0,30191.0003,280.0,18447.0
6,CA,95018,2,4030.0,386506.0,4030.0,392044.0,3120.0,260098.0
6,CA,95019,1,3860.0,177888.0,3860.0,179979.0,3430.0,143420.0
6,CA,95020,6,29730.0,2766925.0,29730.0,2795711.0,25690.0,2094428.0
6,CA,95023,6,26040.0,2047044.0,26040.0,2063514.0,23040.0,1554363.0
6,CA,95030,6,6470.0,3394142.0,6470.0,3434719.0,4690.0,1961668.0
6,CA,95032,6,13150.0,5810451.0,13150.0,5857178.0,10140.0,2613941.0
6,CA,95033,4,4240.0,961077.0,4240.0,973336.0,3280.0,657210.0
6,CA,95035,6,37940.0,4778821.0,37940.0,4808119.0,34090.0,4092363.0
6,CA,95037,6,24560.0,3441737.0,24560.0,3481546.0,20500.0,2516341.0
6,CA,95039,1,820.0,49218.0,820.0,49668.0002,690.0,34019.0
6,CA,95043,1,260.0,21601.0,260.0,21672.0004,200.0,13405.0
6,CA,95045,1,2080.0,183293.0,2080.0,185419.0,1720.0,130540.0
6,CA,95046,2,3420.0,420135.0,3420.0,426346.0,2730.0,243046.0
6,CA,95050,6,18340.0,2246613.0,18340.0,2262834.0,15840.0,1869663.0
6,CA,95051,6,29700.0,4638135.0,29700.0,4664395.0,25830.0,3902575.0
6,CA,95054,6,12510.0,2412843.0,12510.0,2422795.0,11560.0,2184875.0
6,CA,95060,6,20590.0,2461005.0,20580.0,2498839.0,16060.0,1608715.0
6,CA,95062,5,18110.0,1738355.0,18110.0,1765390.0,14160.0,1089182.0
6,CA,95064,1,540.0,41190.0,540.0,41355.0002,480.0,32631.0
6,CA,95065,3,4020.0,516753.0,4020.0,523926.0,3020.0,305967.0
6,CA,95066,5,7310.0,1071925.0,7310.0,1086294.0,5740.0,757520.0
6,CA,95070,6,16230.0,6701397.0,16230.0,6760530.0,11870.0,4084631.0
6,CA,95073,3,5880.0,677796.0,5880.0,689879.0,4340.0,391908.0
6,CA,95075,1,360.0,37016.0,360.0,37806.0002,270.0,22680.0
6,CA,95076,6,37550.0,2272541.0,37550.0,2295888.0,32930.0,1583926.0
6,CA,95110,4,9360.0,875106.0,9360.0,881313.0,8500.0,765067.0
6,CA,95111,5,29230.0,1770456.0,29230.0,1784383.0,26200.0,1541934.0
6,CA,95112,6,25590.0,2022559.0,25590.0,2038591.0,23080.0,1743620.0
6,CA,95113,1,1390.0,213818.0,1390.0,216591.0,1260.0,167227.0
6,CA,95116,5,22910.0,1223802.0,22910.0,1232711.0,20780.0,1094724.0
6,CA,95117,5,13950.0,1448162.0,13950.0,1459702.0,12170.0,1209405.0
6,CA,95118,5,15330.0,1961864.0,15330.0,1979665.0,12940.0,1606940.0
6,CA,95119,3,5070.0,614466.0,5070.0,619085.0,4330.0,498461.0
6,CA,95120,6,17880.0,4473008.0,17880.0,4518174.0,14030.0,3143858.0
6,CA,95121,5,18970.0,1492518.0,18970.0,1504898.0,16650.0,1244728.0
6,CA,95122,5,26850.0,1376489.0,26850.0,1385475.0,24350.0,1240488.0
6,CA,95123,6,33560.0,3522743.0,33560.0,3550467.0,29090.0,2926460.0
6,CA,95124,6,22790.0,3941307.0,22790.0,3978103.0,18950.0,3131540.0
6,CA,95125,6,25960.0,4831797.0,25960.0,4888025.0,21080.0,3528291.0
6,CA,95126,6,18270.0,2267373.0,18270.0,2287742.0,16270.0,1871146.0
6,CA,95127,6,30690.0,2249568.0,30690.0,2267711.0,27040.0,1830881.0
6,CA,95128,5,16700.0,1939749.0,16700.0,1957835.0,14450.0,1585023.0
6,CA,95129,6,18420.0,3414230.0,18420.0,3438898.0,15550.0,2770910.0
6,CA,95130,4,6340.0,942298.0,6340.0,949891.0,5360.0,785915.0
6,CA,95131,5,15670.0,1831339.0,15670.0,1842954.0,13980.0,1589449.0
6,CA,95132,6,20470.0,2168235.0,20470.0,2183915.0,17740.0,1787419.0
6,CA,95133,5,14260.0,1299953.0,14260.0,1308368.0,12650.0,1114500.0
6,CA,95134,6,14410.0,2214355.0,14410.0,2221024.0,13870.0,2097848.0
6,CA,95135,5,9930.0,1871436.0,9930.0,1885709.0,7420.0,1373009.0
6,CA,95136,6,22520.0,2378415.0,22520.0,2396564.0,19720.0,1999833.0
6,CA,95138,6,9120.0,2027360.0,9120.0,2046651.0,8000.0,1420621.0
6,CA,95139,2,3220.0,378570.0,3220.0,381415.0,2750.0,311739.0
6,CA,95140,1,190.0,32521.0,190.0,32736.0005,150.0,22863.0
6,CA,95148,6,23320.0,2312051.0,23320.0,2331200.0,20310.0,1867824.0
6,CA,95202,1,1990.0,61240.0,1990.0,61604.0001,1820.0,52244.0
6,CA,95203,2,6450.0,268533.0,6450.0,270285.0001,5740.0,216696.0
6,CA,95204,4,13740.0,763524.0,13740.0,770457.0,11530.0,548266.0
6,CA,95205,3,15740.0,566128.0,15740.0,569077.0001,14330.0,490905.0
6,CA,95206,5,28730.0,1216857.0,28730.0,1223961.0,26300.0,1058719.0
6,CA,95207,5,21720.0,1114713.0,21720.0,1125199.0,18360.0,805849.0
6,CA,95209,5,19730.0,1230378.0,19730.0,1240954.0,16550.0,925277.0
6,CA,95210,3,16550.0,649264.0,16550.0,653423.0001,14700.0,548803.0
6,CA,95212,4,12740.0,831964.0,12740.0,841580.0,10990.0,612703.0
6,CA,95215,2,9510.0,468030.0,9500.0,472876.0,8270.0,346768.0
6,CA,95219,5,13240.0,1320993.0,13240.0,1338480.0,10980.0,851557.0
6,CA,95220,2,3110.0,258795.0,3110.0,262938.0,2500.0,160123.0
6,CA,95222,1,1940.0,157223.0,1940.0,159241.0,1340.0,73744.0
6,CA,95223,1,1790.0,138268.0,1790.0,140715.0,1120.0,68782.0
6,CA,95228,1,2060.0,174677.0,2060.0,177110.0,1460.0,103921.0
6,CA,95230,1,310.0,20329.0,310.0,20676.0003,220.0,11706.0
6,CA,95231,1,1800.0,89050.0,1800.0,89949.0001,1570.0,69701.0
6,CA,95232,1,100.0,5490.0,100.0,5490.0,70.0,3395.0
6,CA,95236,1,2530.0,211559.0,2530.0,214225.0,2120.0,135478.0
6,CA,95237,1,1830.0,113954.0,1830.0,115472.0,1470.0,78296.0
6,CA,95240,5,19710.0,1186494.0,19710.0,1199327.0,16620.0,804013.0
6,CA,95242,5,12800.0,1074868.0,12800.0,1090375.0,9940.0,714320.0
6,CA,95245,1,810.0,51331.0,810.0,51986.0002,530.0,27183.0
6,CA,95246,1,590.0,33068.0,590.0,33356.0002,340.0,15810.0
6,CA,95247,1,2150.0,168770.0,2150.0,172195.0,1400.0,79462.0
6,CA,95249,1,1650.0,93981.0,1650.0,95215.0001,1210.0,56019.0
6,CA,95251,1,330.0,21256.0,330.0,21490.0002,230.0,12737.0
6,CA,95252,2,6400.0,448736.0,6400.0,453355.0,4940.0,319769.0
6,CA,95255,1,710.0,33365.0,710.0,33665.0002,440.0,17654.0
6,CA,95257,1,190.0,9289.0,190.0,9324.0004,120.0,5466.0
6,CA,95258,1,2550.0,235490.0,2550.0,239482.0,2010.0,132108.0
6,CA,95301,4,16190.0,914101.0,16190.0,922903.0,13860.0,682229.0
6,CA,95303,1,350.0,24296.0,350.0,24545.0002,310.0,15174.0
6,CA,95304,3,6290.0,621074.0,6290.0,629024.0,5230.0,425413.0
6,CA,95306,1,380.0,30997.0,380.0,31484.0003,290.0,20007.0
6,CA,95307,4,19360.0,922184.0,19360.0,930605.0,17000.0,750329.0
6,CA,95310,1,1060.0,65110.0,1060.0,66005.0001,690.0,34558.0
6,CA,95311,1,790.0,39456.0,790.0,39812.0001,540.0,22707.0
6,CA,95313,1,570.0,38600.0,570.0,39025.0002,470.0,20109.0
6,CA,95315,1,5310.0,224657.0,5310.0,226089.0001,4870.0,196313.0
6,CA,95316,2,3110.0,252272.0,3110.0,255562.0,2600.0,161876.0
6,CA,95317,1,320.0,17636.0,320.0,17858.0004,300.0,12171.0
6,CA,95320,2,5660.0,435637.0,5660.0,440686.0,4660.0,300472.0
6,CA,95321,1,1720.0,121794.0,1720.0,123821.0,1050.0,57255.0
6,CA,95322,1,4190.0,210277.0,4190.0,212332.0,3620.0,166423.0
6,CA,95323,1,550.0,56719.0,550.0,57401.0003,460.0,27126.0
6,CA,95324,1,3180.0,230534.0,3180.0,233009.0,2680.0,149387.0
6,CA,95326,2,4790.0,372790.0,4790.0,377106.0,4030.0,243310.0
6,CA,95327,1,2700.0,158735.0,2700.0,160308.0,1970.0,97658.0
6,CA,95328,1,1770.0,78433.0,1770.0,78932.0,1600.0,69486.0
6,CA,95329,1,1090.0,66972.0,1090.0,67384.0001,770.0,44332.0
6,CA,95330,4,12220.0,859971.0,12220.0,865732.0,10870.0,711641.0
6,CA,95333,1,1140.0,58737.0,1140.0,59340.0002,1000.0,39300.0
6,CA,95334,2,6980.0,301699.0,6980.0,304247.0001,6310.0,253216.0
6,CA,95335,1,140.0,7821.0,140.0,7852.0003,90.0,4309.0
6,CA,95336,5,22190.0,1461071.0,22190.0,1472709.0,18030.0,1012256.0
6,CA,95337,5,19560.0,1372843.0,19560.0,1384618.0,16800.0,1113338.0
6,CA,95338,2,4580.0,281027.0,4580.0,284706.0,3190.0,164213.0
6,CA,95340,4,14310.0,955212.0,14310.0,966508.0,11860.0,608157.0
6,CA,95341,2,12140.0,445633.0,12140.0,449070.0,11070.0,371864.0
6,CA,95345,1,310.0,15749.0,310.0,15898.0003,230.0,10157.0
6,CA,95346,1,500.0,32638.0,500.0,33093.0002,360.0,18809.0
6,CA,95348,3,13370.0,639744.0,13370.0,645537.0,11730.0,516708.0
6,CA,95350,5,23610.0,1307784.0,23610.0,1321064.0,19670.0,955007.0
6,CA,95351,3,18360.0,706923.0,18360.0,711707.0,16520.0,592935.0
6,CA,95354,3,11020.0,569988.0,11020.0,576482.0,9560.0,421247.0
6,CA,95355,5,27270.0,1842915.0,27270.0,1861926.0,22720.0,1375057.0
6,CA,95356,5,14740.0,1338916.0,14740.0,1356574.0,12090.0,854859.0
6,CA,95357,2,6160.0,453524.0,6160.0,459225.0,5180.0,298578.0
6,CA,95358,3,13260.0,705028.0,13260.0,712529.0,11630.0,502900.0
6,CA,95360,2,5510.0,290053.0,5510.0,292326.0,4870.0,236062.0
6,CA,95361,5,15040.0,1197556.0,15040.0,1212808.0,12140.0,794106.0
6,CA,95363,3,12310.0,727010.0,12310.0,733192.0,10900.0,587653.0
6,CA,95365,1,1900.0,66932.0,1900.0,67198.0001,1800.0,57701.0
6,CA,95366,4,8300.0,855569.0,8300.0,866739.0,6800.0,572842.0
6,CA,95367,3,11020.0,628622.0,11020.0,634180.0,9820.0,513427.0
6,CA,95368,2,6600.0,398931.0,6600.0,402312.0,5910.0,331958.0
6,CA,95369,1,340.0,20631.0,340.0,20750.0003,250.0,13885.0
6,CA,95370,4,12070.0,809987.0,12070.0,821961.0,8800.0,479633.0
6,CA,95372,1,1170.0,80282.0,1170.0,81279.0001,870.0,52145.0
6,CA,95374,1,700.0,34631.0,700.0,34888.0001,610.0,25706.0
6,CA,95376,5,24740.0,1539140.0,24740.0,1551578.0,21630.0,1286271.0
6,CA,95377,5,15620.0,1274494.0,15620.0,1286659.0,13780.0,1071410.0
6,CA,95379,1,1790.0,108847.0,1790.0,109996.0001,1420.0,71034.0
6,CA,95380,4,16920.0,861444.0,16920.0,869707.0,14690.0,646913.0
6,CA,95382,5,16390.0,1212033.0,16390.0,1226372.0,13790.0,873957.0
6,CA,95383,1,2090.0,156891.0,2090.0,159165.0,1420.0,79699.0
6,CA,95385,1,130.0,6622.0,130.0,6622.0,120.0,4399.0
6,CA,95386,1,4410.0,240795.0,4410.0,242769.0,3980.0,189632.0
6,CA,95388,1,5390.0,217191.0,5390.0,218822.0001,4900.0,179262.0
6,CA,95389,1,680.0,31226.0,680.0,31467.0001,650.0,26582.0
6,CA,95391,5,8480.0,1029659.0,8480.0,1036312.0,7790.0,936994.0
6,CA,95401,5,17900.0,1270481.0,17900.0,1286747.0,15020.0,867200.0
6,CA,95403,5,20890.0,1785917.0,20890.0,1806530.0,17330.0,1143294.0
6,CA,95404,5,18310.0,1848635.0,18310.0,1882187.0,14540.0,1091304.0
6,CA,95405,5,11390.0,1086233.0,11390.0,1106941.0,8740.0,684347.0
6,CA,95407,5,18910.0,1028584.0,18910.0,1039678.0,16820.0,823974.0
6,CA,95409,5,13920.0,1467110.0,13920.0,1488734.0,9110.0,752817.0
6,CA,95410,1,380.0,23805.0,380.0,24396.0001,220.0,8811.0
6,CA,95412,1,110.0,5622.0,110.0,5702.0002,90.0,3057.0
6,CA,95415,1,690.0,36088.0,690.0,36801.0002,550.0,21108.0
6,CA,95420,1,100.0,8307.0,100.0,8394.0002,60.0,1748.0
6,CA,95421,1,650.0,38117.0,650.0,39213.0001,440.0,21836.0
6,CA,95422,1,5090.0,184973.0,5090.0,186259.0001,4330.0,144134.0
6,CA,95423,1,1390.0,62368.0,1390.0,62977.0,950.0,36419.0
6,CA,95425,2,5410.0,410500.0,5410.0,416374.0,4260.0,261243.0
6,CA,95428,1,760.0,32205.0,760.0,32736.0001,540.0,17900.0
6,CA,95432,1,170.0,10781.0,170.0,10930.0002,110.0,3823.0
6,CA,95436,1,2820.0,225617.0,2820.0,230370.0,2080.0,137154.0
6,CA,95437,2,6600.0,344640.0,6600.0,351452.0,4870.0,199387.0
6,CA,95439,1,470.0,37906.0,470.0,38675.0002,370.0,21199.0
6,CA,95441,1,1150.0,112702.0,1150.0,114540.0,960.0,66123.0
6,CA,95442,1,1430.0,182037.0,1430.0,185473.0,970.0,78838.0
6,CA,95444,1,730.0,60082.0,730.0,61516.0,530.0,30116.0
6,CA,95445,1,1410.0,122180.0,1410.0,125638.0,840.0,42220.0
6,CA,95446,1,2360.0,156532.0,2360.0,159407.0,1730.0,99228.0
6,CA,95448,5,8780.0,1080914.0,8780.0,1102863.0,6560.0,523406.0
6,CA,95449,1,680.0,40825.0,680.0,41329.0001,570.0,26585.0
6,CA,95450,1,210.0,19545.0,210.0,20024.0003,120.0,8209.0
6,CA,95451,2,4930.0,293856.0,4930.0,297663.0,3740.0,187850.0
6,CA,95452,1,750.0,129456.0,750.0,131649.0001,440.0,41322.0
6,CA,95453,2,4920.0,293571.0,4920.0,299183.0,3650.0,182164.0
6,CA,95454,1,930.0,36618.0,930.0,37522.0001,590.0,18458.0
6,CA,95456,1,360.0,24087.0,360.0,24625.0003,180.0,6490.0
6,CA,95457,1,1470.0,75559.0,1470.0,76479.0001,1100.0,51280.0
6,CA,95458,1,1050.0,42544.0,1050.0,42841.0001,800.0,27474.0
6,CA,95459,1,230.0,13782.0,230.0,13917.0002,150.0,6625.0
6,CA,95460,1,1510.0,130426.0,1510.0,134070.0,870.0,42923.0
6,CA,95461,1,1490.0,87523.0,1490.0,89321.0,1150.0,60652.0
6,CA,95462,1,540.0,41493.0,540.0,42051.0002,390.0,23197.0
6,CA,95464,1,890.0,35963.0,890.0,36242.0001,730.0,25036.0
6,CA,95465,1,1090.0,96067.0,1090.0,99521.0,700.0,43542.0
6,CA,95466,1,600.0,38010.0,600.0,38746.0002,440.0,18494.0
6,CA,95467,1,2450.0,181168.0,2450.0,183160.0,1910.0,132863.0
6,CA,95468,1,640.0,32542.0,640.0,33228.0001,450.0,16886.0
6,CA,95469,1,670.0,46328.0,670.0,46979.0002,480.0,25784.0
6,CA,95470,1,2600.0,172570.0,2600.0,175436.0,2030.0,109348.0
6,CA,95472,5,13700.0,1387729.0,13700.0,1422566.0,9250.0,660395.0
6,CA,95476,5,16300.0,1887954.0,16300.0,1926100.0,11400.0,906432.0
6,CA,95482,4,13800.0,841694.0,13800.0,856034.0,11140.0,553087.0
6,CA,95485,1,1080.0,49906.0,1080.0,50541.0,860.0,35561.0
6,CA,95490,2,5800.0,296356.0,5800.0,301056.0,4410.0,195134.0
6,CA,95492,5,14270.0,1341824.0,14270.0,1362133.0,11820.0,918314.0
6,CA,95494,1,130.0,9331.0,130.0,9423.0003,70.0,3598.0
6,CA,95501,2,9590.0,456374.0,9590.0,463129.0,7860.0,313507.0
6,CA,95503,3,10180.0,627470.0,10180.0,637378.0,7800.0,383007.0
6,CA,95519,3,8120.0,514378.0,8120.0,523363.0,6280.0,319408.0
6,CA,95521,2,8700.0,420099.0,8700.0,428100.0,7140.0,258609.0
6,CA,95524,1,1010.0,102964.0,1010.0,105732.0,650.0,40505.0
6,CA,95525,1,890.0,50494.0,890.0,51374.0,630.0,29586.0
6,CA,95526,1,180.0,7055.0,180.0,7145.0002,100.0,3009.0
6,CA,95527,1,120.0,5580.0,120.0,5636.0001,70.0,2244.0
6,CA,95528,1,390.0,21813.0,390.0,22238.0001,270.0,10670.0
6,CA,95531,2,8470.0,442231.0,8460.0,447725.0,6590.0,286194.0
6,CA,95536,1,1270.0,89038.0,1270.0,91109.0,850.0,46375.0
6,CA,95540,2,5980.0,343481.0,5980.0,349126.0,4610.0,221297.0
6,CA,95542,1,860.0,42152.0,860.0,43970.0001,470.0,13800.0
6,CA,95543,1,310.0,19058.0,310.0,19257.0002,200.0,8955.0
6,CA,95546,1,1030.0,40735.0,1030.0,40842.0001,940.0,32978.0
6,CA,95547,1,570.0,46035.0,570.0,47082.0001,400.0,21784.0
6,CA,95548,1,400.0,13504.0,400.0,13596.0002,310.0,9995.0
6,CA,95549,1,330.0,29188.0,330.0,29966.0002,220.0,12416.0
6,CA,95551,1,720.0,39347.0,720.0,39766.0001,560.0,25065.0
6,CA,95554,1,130.0,4079.0,130.0,4151.0002,70.0,2076.0
6,CA,95558,1,160.0,8492.0,160.0,8680.0001,80.0,2872.0
6,CA,95560,1,960.0,49044.0,960.0,51116.0001,480.0,13908.0
6,CA,95562,1,1290.0,54640.0,1290.0,55253.0,1020.0,40160.0
6,CA,95564,1,180.0,6225.0,180.0,6259.0002,140.0,4744.0
6,CA,95565,1,370.0,16167.0,370.0,16227.0003,310.0,13334.0
6,CA,95567,1,880.0,51891.0,880.0,52228.0002,710.0,32679.0
6,CA,95570,1,1200.0,84076.0,1200.0,86148.0,720.0,36149.0
6,CA,95573,1,750.0,43214.0,750.0,43860.0002,510.0,21171.0
6,CA,95585,1,130.0,3097.0,130.0,3136.0001,90.0,2132.0
6,CA,95589,1,460.0,25398.0,460.0,26135.0001,240.0,7854.0
6,CA,95602,4,8470.0,795601.0,8470.0,806532.0,5850.0,418152.0
6,CA,95603,5,13110.0,1130378.0,13110.0,1147140.0,9440.0,655332.0
6,CA,95605,2,6110.0,313641.0,6110.0,316881.0,5330.0,256787.0
6,CA,95606,1,140.0,50473.0,140.0,50473.0,100.0,10501.0
6,CA,95607,1,100.0,8930.0,100.0,8930.0,80.0,5942.0
6,CA,95608,6,29690.0,2556774.0,29690.0,2590581.0,22490.0,1541760.0
6,CA,95610,5,21890.0,1209551.0,21890.0,1221286.0,17960.0,909618.0
6,CA,95612,1,630.0,82337.0,630.0,83085.0002,480.0,33847.0
6,CA,95614,1,2000.0,166163.0,2000.0,168315.0,1350.0,101938.0
6,CA,95615,1,430.0,24773.0,430.0,25001.0003,370.0,17616.0
6,CA,95616,5,16470.0,1697228.0,16470.0,1723649.0,13100.0,984238.0
6,CA,95618,5,11260.0,1402049.0,11260.0,1421855.0,9170.0,900119.0
6,CA,95619,1,2770.0,159462.0,2770.0,161652.0,1890.0,101390.0
6,CA,95620,3,10410.0,745240.0,10410.0,751330.0,9010.0,559671.0
6,CA,95621,5,21030.0,1124405.0,21030.0,1134013.0,16720.0,841902.0
6,CA,95623,1,2300.0,176884.0,2300.0,179066.0,1700.0,108570.0
6,CA,95624,6,30320.0,2366043.0,30320.0,2389576.0,25080.0,1713205.0
6,CA,95626,1,2770.0,175418.0,2770.0,177219.0,2200.0,122539.0
6,CA,95627,1,1830.0,104450.0,1830.0,105223.0001,1600.0,80492.0
6,CA,95628,6,21790.0,2103709.0,21790.0,2131011.0,16290.0,1284588.0
6,CA,95629,1,480.0,35173.0,480.0,35493.0003,310.0,19560.0
6,CA,95630,6,34510.0,4074759.0,34510.0,4123026.0,28240.0,2998058.0
6,CA,95631,1,2920.0,225366.0,2920.0,228192.0,2140.0,140491.0
6,CA,95632,4,14180.0,925581.0,14180.0,933822.0,12070.0,723214.0
6,CA,95633,1,1370.0,92969.0,1370.0,94238.0001,980.0,59898.0
6,CA,95634,1,1400.0,90268.0,1400.0,91756.0001,950.0,53348.0
6,CA,95635,1,580.0,37781.0,580.0,38076.0001,420.0,24763.0
6,CA,95636,1,440.0,24183.0,440.0,24374.0002,330.0,16516.0
6,CA,95637,1,140.0,9308.0,140.0,9369.0003,90.0,5234.0
6,CA,95638,1,1060.0,86525.0,1060.0,87797.0,840.0,57773.0
6,CA,95640,2,4210.0,283181.0,4180.0,285905.0,3190.0,192892.0
6,CA,95641,1,910.0,54400.0,910.0,54949.0001,690.0,36559.0
6,CA,95642,2,3700.0,268442.0,3700.0,271816.0,2620.0,142367.0
6,CA,95645,1,710.0,36888.0,710.0,37194.0002,610.0,27191.0
6,CA,95648,6,25860.0,2399321.0,25860.0,2423084.0,17630.0,1351480.0
6,CA,95650,4,6450.0,926062.0,6450.0,940107.0,4810.0,496734.0
6,CA,95651,1,430.0,47959.0,430.0,48682.0003,310.0,21060.0
6,CA,95652,1,280.0,10781.0,280.0,10823.0003,250.0,9562.0
6,CA,95655,1,1880.0,147579.0,1880.0,148893.0001,1660.0,121513.0
6,CA,95658,2,3350.0,394038.0,3350.0,399751.0,2350.0,207380.0
6,CA,95659,1,320.0,23799.0,320.0,24586.0004,250.0,14495.0
6,CA,95660,3,14880.0,589367.0,14880.0,594084.0001,12640.0,480810.0
6,CA,95661,5,15620.0,1541176.0,15620.0,1563609.0,12170.0,1033846.0
6,CA,95662,5,16140.0,1224051.0,16140.0,1238989.0,12530.0,834350.0
6,CA,95663,1,1460.0,170423.0,1460.0,173474.0,1080.0,102562.0
6,CA,95664,1,670.0,61637.0,670.0,62275.0002,500.0,37127.0
6,CA,95665,1,2190.0,149131.0,2190.0,150642.0,1490.0,83392.0
6,CA,95666,1,2390.0,149935.0,2390.0,151902.0,1510.0,83848.0
6,CA,95667,5,17140.0,1304368.0,17140.0,1321688.0,12260.0,785449.0
6,CA,95668,1,380.0,29283.0,380.0,29844.0004,270.0,16935.0
6,CA,95669,1,1280.0,105694.0,1280.0,107345.0,940.0,60330.0
6,CA,95670,5,27230.0,1771214.0,27230.0,1790325.0,22210.0,1261769.0
6,CA,95672,1,2190.0,240045.0,2190.0,243234.0,1620.0,152594.0
6,CA,95673,2,7330.0,384499.0,7330.0,387947.0,6060.0,294554.0
6,CA,95674,1,370.0,28452.0,370.0,29071.0003,310.0,19797.0
6,CA,95677,5,13550.0,1217013.0,13550.0,1232742.0,10910.0,858305.0
6,CA,95678,5,21510.0,1519789.0,21510.0,1537055.0,17990.0,1175092.0
6,CA,95681,1,610.0,37281.0,610.0,37473.0001,500.0,26676.0
6,CA,95682,5,14840.0,1396003.0,14840.0,1414592.0,11180.0,888087.0
6,CA,95683,2,3360.0,411773.0,3360.0,416583.0,2290.0,229820.0
6,CA,95684,1,1280.0,83979.0,1280.0,85058.0001,870.0,51498.0
6,CA,95685,1,2270.0,175633.0,2270.0,178479.0,1560.0,96870.0
6,CA,95687,6,30730.0,2259075.0,30730.0,2275936.0,25750.0,1733836.0
6,CA,95688,5,18520.0,1703292.0,18520.0,1718987.0,15320.0,1208645.0
6,CA,95689,1,640.0,51445.0,640.0,51973.0003,380.0,24612.0
6,CA,95690,1,1160.0,73613.0,1160.0,74442.0001,940.0,48054.0
6,CA,95691,5,18270.0,1350437.0,18270.0,1363626.0,15570.0,1054704.0
6,CA,95692,1,2240.0,147441.0,2240.0,148748.0001,1880.0,110542.0
6,CA,95693,2,3460.0,402227.0,3460.0,406735.0,2570.0,226264.0
6,CA,95694,2,4660.0,358177.0,4660.0,362513.0,3970.0,250985.0
6,CA,95695,5,17260.0,1160971.0,17260.0,1175913.0,14260.0,776728.0
6,CA,95703,1,910.0,68929.0,910.0,70104.0001,650.0,41564.0
6,CA,95709,1,2320.0,203450.0,2320.0,205891.0,1640.0,105295.0
6,CA,95713,2,3770.0,275506.0,3770.0,279521.0,2860.0,179281.0
6,CA,95722,2,2430.0,287128.0,2430.0,291635.0,1640.0,144016.0
6,CA,95726,2,4020.0,264737.0,4020.0,267748.0,3000.0,172324.0
6,CA,95742,3,7160.0,683793.0,7160.0,689318.0,6260.0,563827.0
6,CA,95746,6,10640.0,2197145.0,10640.0,2233890.0,7960.0,1186447.0
6,CA,95747,6,34350.0,3485638.0,34350.0,3520147.0,26740.0,2480902.0
6,CA,95757,5,22430.0,1958378.0,22430.0,1975936.0,19160.0,1575495.0
6,CA,95758,6,30810.0,2231428.0,30810.0,2254159.0,25740.0,1696828.0
6,CA,95762,6,22100.0,3907007.0,22100.0,3956702.0,16880.0,2520027.0
6,CA,95765,6,18460.0,2011776.0,18460.0,2035629.0,15340.0,1515304.0
6,CA,95776,4,13020.0,886480.0,13020.0,895879.0,11460.0,676155.0
6,CA,95811,2,4220.0,348260.0,4220.0,352537.0,3810.0,234734.0
6,CA,95814,2,4530.0,323957.0,4530.0,329350.0,3950.0,248461.0
6,CA,95815,2,10540.0,424169.0,10540.0,427775.0,9320.0,340672.0
6,CA,95816,4,11020.0,987182.0,11020.0,1001234.0,9370.0,717391.0
6,CA,95817,2,6710.0,400273.0,6710.0,404640.0,5870.0,331764.0
6,CA,95818,5,11650.0,1186867.0,11650.0,1207703.0,9270.0,786020.0
6,CA,95819,5,9190.0,1194230.0,9190.0,1212668.0,6860.0,734163.0
6,CA,95820,4,16480.0,798834.0,16480.0,805289.0,14120.0,649063.0
6,CA,95821,5,16950.0,1007813.0,16950.0,1018426.0,13590.0,691386.0
6,CA,95822,5,21350.0,1272916.0,21350.0,1286313.0,17290.0,888766.0
6,CA,95823,5,34120.0,1377170.0,34120.0,1387200.0,30090.0,1158675.0
6,CA,95824,2,12590.0,443509.0,12590.0,446665.0001,11100.0,379830.0
6,CA,95825,4,16060.0,916730.0,16060.0,929277.0,12960.0,598649.0
6,CA,95826,5,18780.0,1092376.0,18780.0,1101128.0,15580.0,802240.0
6,CA,95827,3,10550.0,577734.0,10550.0,583032.0,8760.0,420155.0
6,CA,95828,5,27970.0,1214130.0,27970.0,1224421.0,23950.0,983932.0
6,CA,95829,5,15030.0,1078864.0,15030.0,1089977.0,12650.0,813293.0
6,CA,95830,1,390.0,44540.0,390.0,46626.0003,300.0,26067.0
6,CA,95831,5,22260.0,1982547.0,22260.0,2003778.0,16450.0,1149476.0
6,CA,95832,1,4970.0,194125.0,4970.0,195654.0001,4490.0,169920.0
6,CA,95833,5,19410.0,1070328.0,19410.0,1079417.0,16970.0,878768.0
6,CA,95834,5,16800.0,1129120.0,16800.0,1139553.0,14770.0,897089.0
6,CA,95835,5,18880.0,1565053.0,18880.0,1582860.0,15980.0,1206179.0
6,CA,95837,1,120.0,18436.0,120.0,18558.0003,90.0,9646.0
6,CA,95838,3,17330.0,695956.0,17330.0,701288.0001,15560.0,604446.0
6,CA,95841,2,9610.0,449967.0,9610.0,454626.0,7920.0,338020.0
6,CA,95842,3,15100.0,652969.0,15100.0,658381.0001,12880.0,530657.0
6,CA,95843,5,21480.0,1225652.0,21480.0,1236904.0,18480.0,997286.0
6,CA,95864,5,11860.0,1810110.0,11860.0,1841712.0,8830.0,971913.0
6,CA,95901,3,14150.0,692570.0,14150.0,698474.0,12190.0,543650.0
6,CA,95903,1,860.0,36800.0,860.0,37112.0001,840.0,35706.0
6,CA,95912,1,2330.0,159161.0,2330.0,161293.0,2110.0,107054.0
6,CA,95914,1,360.0,20430.0,360.0,20481.0003,250.0,12231.0
6,CA,95916,1,370.0,15033.0,370.0,15125.0002,250.0,7803.0
6,CA,95917,1,1350.0,77051.0,1350.0,78446.0001,1150.0,54589.0
6,CA,95918,1,1010.0,86458.0,1010.0,87497.0,730.0,54763.0
6,CA,95919,1,460.0,21925.0,460.0,22113.0002,330.0,13566.0
6,CA,95920,1,110.0,6833.0,110.0,7085.0002,80.0,2594.0
6,CA,95922,1,220.0,10267.0,220.0,10368.0002,150.0,5623.0
6,CA,95925,1,100.0,4640.0,100.0,4640.0,80.0,3528.0
6,CA,95926,4,16540.0,986548.0,16540.0,1002288.0,13440.0,632019.0
6,CA,95928,5,15920.0,1137984.0,15920.0,1159223.0,12890.0,664491.0
6,CA,95932,1,3500.0,209130.0,3500.0,212257.0,2980.0,137337.0
6,CA,95934,1,110.0,5205.0,110.0,5260.0002,90.0,3100.0
6,CA,95935,1,290.0,12132.0,290.0,12235.0002,180.0,7696.0
6,CA,95938,1,1980.0,192972.0,1980.0,197826.0,1540.0,102900.0
6,CA,95939,1,130.0,6243.0,130.0,6243.0,90.0,3386.0
6,CA,95941,1,140.0,6376.0,140.0,6405.0003,100.0,4301.0
6,CA,95942,1,690.0,54767.0,690.0,55757.0,450.0,29389.0
6,CA,95943,1,370.0,34813.0,370.0,36128.0002,240.0,11564.0
6,CA,95945,3,12070.0,749457.0,12070.0,762603.0,8200.0,395800.0
6,CA,95946,2,4930.0,392576.0,4930.0,398475.0,2990.0,181078.0
6,CA,95947,1,730.0,36786.0,730.0,37240.0001,520.0,22006.0
6,CA,95948,2,4940.0,266336.0,4940.0,269541.0,4210.0,193238.0
6,CA,95949,3,9230.0,711392.0,9230.0,722157.0,6110.0,392222.0
6,CA,95953,1,4510.0,230192.0,4510.0,233485.0,3900.0,168605.0
6,CA,95954,1,3230.0,145774.0,3230.0,147645.0001,2300.0,93024.0
6,CA,95957,1,280.0,17823.0,280.0,18026.0003,210.0,11312.0
6,CA,95959,4,8770.0,806735.0,8770.0,824355.0,5370.0,332931.0
6,CA,95960,1,530.0,21372.0,530.0,21863.0002,290.0,9990.0
6,CA,95961,3,11550.0,620530.0,11550.0,624947.0,10400.0,530202.0
6,CA,95962,1,670.0,38879.0,670.0,39314.0,460.0,23901.0
6,CA,95963,2,6940.0,369075.0,6940.0,374497.0,5860.0,263027.0
6,CA,95965,2,7940.0,367419.0,7940.0,371700.0,6730.0,265427.0
6,CA,95966,3,11880.0,638802.0,11880.0,645989.0,9320.0,422666.0
6,CA,95968,1,800.0,35923.0,800.0,36109.0001,670.0,26393.0
6,CA,95969,1,2460.0,164755.0,2460.0,167810.0,1670.0,90530.0
6,CA,95970,1,250.0,20965.0,250.0,21909.0003,190.0,7413.0
6,CA,95971,1,2830.0,175114.0,2830.0,178407.0,2160.0,104071.0
6,CA,95973,5,17020.0,1288458.0,17020.0,1312594.0,13710.0,841868.0
6,CA,95975,1,790.0,46674.0,790.0,47669.0001,500.0,25558.0
6,CA,95977,1,690.0,40802.0,690.0,41363.0002,530.0,27262.0
6,CA,95979,1,180.0,9872.0,180.0,9890.0003,90.0,3737.0
6,CA,95982,1,1520.0,113982.0,1520.0,115497.0,1280.0,81482.0
6,CA,95983,1,190.0,10819.0,190.0,10934.0002,120.0,5111.0
6,CA,95987,1,3020.0,147567.0,3020.0,149428.0,2780.0,110791.0
6,CA,95988,1,3770.0,210497.0,3770.0,214621.0,3090.0,135617.0
6,CA,95991,4,17010.0,874940.0,17010.0,884775.0,14640.0,660264.0
6,CA,95993,5,16410.0,1093139.0,16400.0,1108636.0,13250.0,738414.0
6,CA,96001,5,14300.0,1025515.0,14300.0,1045276.0,11140.0,615289.0
6,CA,96002,4,14620.0,836593.0,14620.0,848324.0,11760.0,559479.0
6,CA,96003,5,19340.0,1160635.0,19340.0,1177745.0,15130.0,759045.0
6,CA,96006,1,210.0,10189.0,210.0,10265.0003,130.0,6195.0
6,CA,96007,2,9610.0,485374.0,9610.0,489978.0,7780.0,353003.0
6,CA,96008,1,740.0,52471.0,740.0,53107.0002,540.0,31244.0
6,CA,96013,1,1610.0,83062.0,1610.0,83821.0,1290.0,59460.0
6,CA,96015,1,130.0,6118.0,130.0,6118.0,100.0,4176.0
6,CA,96016,1,140.0,8653.0,140.0,8653.0,90.0,4345.0
6,CA,96019,1,4210.0,200378.0,4210.0,202099.0001,3530.0,152167.0
6,CA,96020,1,1170.0,70694.0,1170.0,72290.0001,840.0,38864.0
6,CA,96021,2,6500.0,292323.0,6500.0,295416.0,5550.0,219772.0
6,CA,96022,2,6860.0,449876.0,6860.0,455035.0,5330.0,309781.0
6,CA,96023,1,410.0,18227.0,410.0,18313.0003,340.0,10913.0
6,CA,96024,1,300.0,15854.0,300.0,16053.0003,190.0,8003.0
6,CA,96025,1,970.0,39719.0,970.0,40118.0001,720.0,25116.0
6,CA,96027,1,820.0,45886.0,820.0,46678.0,570.0,23866.0
6,CA,96028,1,590.0,36573.0,590.0,36847.0002,410.0,20701.0
6,CA,96032,1,960.0,51634.0,960.0,52346.0001,680.0,29631.0
6,CA,96033,1,140.0,5852.0,140.0,5867.0003,110.0,4463.0
6,CA,96034,1,120.0,5473.0,120.0,5473.0,70.0,3171.0
6,CA,96035,1,1190.0,51496.0,1190.0,51852.0001,1010.0,39958.0
6,CA,96038,1,260.0,12368.0,260.0,12411.0004,200.0,8778.0
6,CA,96039,1,390.0,13787.0,390.0,13891.0002,300.0,9541.0
6,CA,96041,1,700.0,29473.0,700.0,29876.0001,460.0,14463.0
6,CA,96044,1,390.0,17291.0,390.0,17429.0003,260.0,10339.0
6,CA,96047,1,320.0,19608.0,320.0,19788.0003,220.0,10875.0
6,CA,96048,1,230.0,10163.0,230.0,10291.0002,130.0,4505.0
6,CA,96050,1,150.0,8188.0,150.0,8228.0003,90.0,3235.0
6,CA,96051,1,490.0,28223.0,490.0,28621.0003,340.0,16102.0
6,CA,96052,1,480.0,23244.0,480.0,23588.0002,280.0,10553.0
6,CA,96055,1,1610.0,80984.0,1610.0,81781.0001,1310.0,58349.0
6,CA,96056,1,630.0,38706.0,630.0,39085.0,470.0,24412.0
6,CA,96057,1,560.0,27518.0,560.0,27926.0001,360.0,12721.0
6,CA,96058,1,350.0,12404.0,350.0,12485.0003,310.0,8508.0
6,CA,96059,1,190.0,8616.0,190.0,8650.0003,110.0,4454.0
6,CA,96062,1,470.0,39023.0,470.0,39713.0002,330.0,22356.0
6,CA,96064,1,1670.0,85713.0,1670.0,86758.0001,1240.0,56389.0
6,CA,96065,1,160.0,6309.0,160.0,6359.0002,110.0,3906.0
6,CA,96067,1,3640.0,233938.0,3640.0,239255.0,2480.0,126417.0
6,CA,96069,1,330.0,20047.0,330.0,20222.0002,210.0,11521.0
6,CA,96073,1,2250.0,238431.0,2250.0,242053.0,1580.0,118129.0
6,CA,96080,3,12240.0,694311.0,12240.0,702674.0,9720.0,462476.0
6,CA,96088,1,1990.0,113305.0,1990.0,114444.0001,1330.0,64776.0
6,CA,96091,1,240.0,12678.0,240.0,12729.0003,130.0,4379.0
6,CA,96094,1,2930.0,162110.0,2930.0,164385.0,2230.0,98547.0
6,CA,96096,1,280.0,16596.0,280.0,16749.0003,190.0,9751.0
6,CA,96097,1,4360.0,225411.0,4360.0,228661.0,3430.0,143212.0
6,CA,96101,1,2070.0,102825.0,2070.0,104269.0001,1560.0,66349.0
6,CA,96103,1,820.0,62568.0,820.0,63655.0001,460.0,24285.0
6,CA,96104,1,310.0,14917.0,310.0,15209.0002,170.0,7072.0
6,CA,96105,1,180.0,10040.0,180.0,10105.0003,130.0,7487.0
6,CA,96107,1,460.0,22526.0,460.0,22745.0001,360.0,15995.0
6,CA,96109,1,290.0,14631.0,290.0,14684.0004,230.0,11478.0
6,CA,96114,1,1290.0,90001.0,1290.0,90656.0001,990.0,62642.0
6,CA,96117,1,140.0,7853.0,140.0,7853.0,100.0,5582.0
6,CA,96118,1,610.0,35652.0,610.0,36009.0,480.0,24816.0
6,CA,96120,1,420.0,26691.0,420.0,27017.0002,310.0,13789.0
6,CA,96121,1,170.0,9883.0,170.0,9928.0003,120.0,6083.0
6,CA,96122,1,1740.0,91769.0,1740.0,93129.0001,1330.0,59800.0
6,CA,96124,1,150.0,10310.0,150.0,10435.0003,100.0,5600.0
6,CA,96125,1,120.0,7936.0,120.0,8001.0002,80.0,2555.0
6,CA,96128,1,250.0,16817.0,250.0,16884.0004,210.0,12914.0
6,CA,96129,1,100.0,4932.0,100.0,4932.0,80.0,3563.0
6,CA,96130,2,6170.0,374201.0,6170.0,377658.0,5180.0,284035.0
6,CA,96134,1,890.0,42097.0,890.0,42588.0001,750.0,26485.0
6,CA,96137,1,1240.0,76442.0,1240.0,77527.0001,870.0,38519.0
6,CA,96146,1,760.0,81704.0,760.0,84102.0001,590.0,38358.0
6,CA,96150,3,9740.0,632452.0,9740.0,642884.0,8320.0,442876.0
6,CA,96161,4,6690.0,924164.0,6690.0,944170.0,5560.0,542848.0
6,CA,99999,6,363340.0,33903974.0,363140.0,34374979.0,276820.0,17789899.0
